Taxa,Ccirc.year3.BC,Bcirc.year3.BC,CmL.year3.BC,DBI.year3.BC,CmNdN.year3.BC,TotCulms.year3.BC,Yld.year3.BC,HD1.days.year3,Selection.index,Pop
Akeno,-0.664778579696089,1.96412056168803,284.298436789246,0.926179076530959,-0.0748820456007861,-1.61398756733589,3.33613502787577,1.90854984840587,9.09214411229215,Msi
CANE9233.US47.0011,-4.47871297583571,-5.58376265854102,-84.5708435911844,0.400062430714227,-2.51412247945507,-9.89349050020453,-17.7626052900329,-0.0984068771755237,-25.8391747194476,Msi
DC.2010.001.A,-6.38502793168078,-1.49134744382261,58.0968131866635,0.529998971982331,-2.09252728442357,-7.86552348643209,-17.1919446826342,-37.6146087146984,7.90893599671965,Msi
DC.2010.001.E,-3.71892984057469,-2.48956672377937,-89.1278522560245,0.0369464890502746,-2.02390652924444,-3.30057029592581,-7.26749655535672,8.59559913936734,-21.6429628974277,Msi
Gunma,-0.612921708745099,1.67379479415086,245.034886223019,0.730054805057202,-0.246106815858916,-1.28592202295772,3.14448324795287,-9.06903566916476,11.6491310102504,Msi
JM0001.001,-1.44429383554779,0.697452131320987,30.8562792223865,0.334005668743509,-1.43197903234387,2.37703903289261,-1.82877974221284,-35.7769291976022,-19.1270727321129,Msi
JM0001.002,-2.99930292081946,0.257288302851645,35.2186296462513,0.448301709519525,-0.63091161515033,-0.769689584656535,-5.0819518216077,-38.9053494588381,-17.1539600661784,Msi
JM0001.003,-4.32789032551303,-2.29112567231736,-60.0765607842285,0.203553099828912,-2.47550405388324,-3.45646165991972,-11.8975174556648,-58.5578142418819,-16.6285033897864,Msi
JM0022.001,-2.11648799043545,0.404419118289436,51.4510075555506,0.332083989500187,-0.933853257118719,-0.120165664199029,-3.60181599679536,-50.4828447894055,-8.47143934398348,Msi
JM0022.002,-1.46153773959045,1.53456106140828,139.134789284966,0.607560570836777,-0.6974691164855,-3.00354079776897,-2.89380803591652,-47.8429474360668,-1.37168441786806,Msi
JM0022.003,-3.14972286533554,0.603766611299072,141.155630356123,0.481839576350972,-0.813176084545768,-2.27705368210889,-5.09276457812405,-38.6067380639864,12.7830752760329,Msi
JM0026.001,-1.45864682367751,0.992649760799539,103.941752653137,0.934831143672564,0.272373045098221,-3.93417477265557,-1.62149634195834,-28.6119002682004,-39.1710063839706,Msi
JM0026.002,-1.89377224103951,0.813611717353645,68.3862417881752,0.506331998356442,-0.0652626051246536,-4.33553452233489,-3.6249498635014,-46.0620544348828,-12.2478406004949,Msi
JM0026.003,-6.82464216129705,-2.56344475326829,78.8707316610109,0.512299620838853,-1.05576483865132,-6.23801865940733,-11.6717080636821,-40.0633819008074,6.20677559623239,Msi
JM0034.001,-2.29411084026801,1.27538539177656,82.3042930130573,0.342771165020171,-0.22734740143551,-0.144843570698618,-5.52601233414554,-41.8437215215797,2.42114063841556,Msi
JM0040.003,-2.60311862938592,-0.841415878008977,87.7637310927126,0.742671250132745,-1.56605804419394,-5.20924559872905,-6.01349618558321,-45.3000231929861,-19.9889525320731,Msi
JM0045.002,-3.90543735614938,0.247005370986846,64.6842924175625,0.327362951750916,-1.44421101303886,-2.68493085404442,-8.10067962166136,-48.0578142418818,5.51820185090627,Msi
JM0047.001,-3.65936416160875,6.48253191489197,97.1945900799519,0.666835630510577,-0.814373026753011,-3.65420674732316,-8.01607592957175,-44.7570154704746,-14.5634764609349,Msi
JM0047.002,-5.06729868839479,-0.840672739363486,26.425910034005,0.502892886135983,-0.289887043846919,-7.15315853184969,-10.2102436060595,-24.7164154854245,-12.6474725318596,Msi
JM0048.001,-1.97113889265128,0.594085303404245,-6.81229207037034,0.468822188760239,-0.693568855076519,-3.6272600625242,-7.40929302468239,-31.9127657804636,-29.3528456573171,Msi
JM0050.003,-4.07577100050639,-0.563308885277804,35.8627827298148,0.468849715393019,-0.847011213372159,-2.49024626132965,-5.56514609055475,-43.4365121869779,-16.9459593302503,Msi
JM0051.002,-1.34387205487393,1.9194437450331,52.8079890234852,0.713429082062743,-1.41205181657296,-0.416902802184194,-2.43440778088144,-51.2906170505061,-33.7315368335718,Msi
JM0051.003,-0.775926603409913,1.42067572172789,32.3341425084562,0.464908035124029,-0.166735640769596,-1.76030435969303,-2.61181330169936,-35.3605145289283,-26.2588438194472,Msi
JM0053.002,-2.47305604920665,1.57647431620581,37.031422200809,0.618267595355619,-0.488105487524168,-3.29038254240631,-6.32764137865576,-37.5578142418818,-27.7847640687836,Msi
JM0055.001,-2.18086955738349,0.793427771510519,101.235049801282,0.651584930658104,-1.3569208216088,-3.13005826943242,-3.72181027541703,-41.9156170505065,-14.0058991308643,Msi
JM0057.001,-1.56797314209258,1.62965928957274,68.8741394627028,0.529804064742467,-0.695151268619338,-2.32081836105055,-2.90357752982676,-52.3566581402665,-18.0331584461567,Msi
JM0057.002,-2.74361888604575,1.0849642859462,129.797592261595,0.654070393513058,-1.14127728997256,-2.73459203038754,-5.18860690304674,-38.9416318108506,-3.39311888801979,Msi
JM0058.001,-0.0327687306151731,1.08846024906844,186.797044751267,0.528341020229694,-0.630543732120914,3.19804764939209,5.18155089202215,-15.6927569133388,2.23684906049311,Msi
JM0058.003,-2.1221863991635,1.56568824846418,124.221996343823,0.0867971013113567,-0.891450466776325,-3.89949788300046,-3.22746812903881,-22.1668071471854,33.1681212632489,Msi
JM0059.001,-1.87525421746964,0.138172323049744,38.6141181040608,0.350253763156421,-0.436036733484188,0.71495199771994,-1.05728743548247,-23.9909376379933,-18.1813903209235,Msi
JM0059.002,-1.0010035497832,0.550056398941028,95.9119757118295,0.8144125675348,0.284164791459689,-2.07739671429634,-2.92675394610524,-34.4353739942638,-30.0987818063805,Msi
JM0061.002,-3.37281847987894,0.391152318548864,-34.6654850154386,0.337364062841238,-0.839878107821825,-2.60656240715069,-7.13323746595755,-42.3642805952664,-27.9058272063535,Msi
JM0062.001,0.582465827412657,2.10631163897182,45.9644704991085,0.759304979547736,-0.415285623849672,0.298469020566046,0.883290420240864,-20.2065440361643,-50.1729264704512,Msi
JM0062.003,1.0622355511718,2.52044781683957,108.362669748463,0.662157146170838,0.0998563747977556,0.358749428501951,1.4021129861465,-33.8484524446926,-26.8837966719098,Msi
JM0069.001,-1.75029587900955,1.94416238317997,45.0671975411618,0.562667189868409,0.300898743880825,-2.23835887131061,-1.47580547130004,-29.3002381414552,-29.9488748463512,Msi
JM0075.002,-2.04573170917287,-0.426467448240798,45.3003940976577,0.464360732076903,-1.39298712426214,-1.93986085402944,-2.33163291382916,-32.9457601091041,-16.8604702737659,Msi
JM0076.001,-2.63422764051393,0.618937897020267,175.64748040936,0.753371753645302,-1.0193823916077,-1.31041910079158,-1.16763513074136,-41.0406170505063,-4.6857947020092,Msi
JM0076.002,-3.24775043771981,-2.33161192480418,-89.3143916711485,0.559533332951096,-2.26676393884989,-6.06943694478865,-7.24860179955846,-16.2236994851159,-58.3324499071844,Msi
JM0079.002,-4.15375675123326,-1.77151291089788,15.0065515429853,0.160743095051487,-2.59552387896622,-4.85438095112926,-13.2199439335597,-49.8593540032226,11.3055418575941,Msi
JM0085.001,-3.38826133876779,-1.19243009850623,186.239647645294,0.690315071593807,0.205640278663307,-4.57668832702406,-3.0778822495469,-24.5612689144538,9.20190561936643,Msi
JM0085.002,-2.26408777216797,-0.104168945283049,33.406308443745,0.288390044907685,-1.5076484966792,-2.1895579201352,-3.38457990076558,-35.9919378220048,-10.8733384545793,Msi
JM0085.003,-1.96000446408546,1.89117489183885,173.16305627981,0.777844706055705,-0.578740729007612,-2.17453376732169,3.74816500247308,-43.0634335466324,-14.1943346467145,Msi
JM0091.001,-1.47443181302791,0.345983463183653,74.69169681125,0.328738864425485,-1.03061111519188,-0.913763141372825,-1.79006072084571,-13.6855914540704,-4.39314888041606,Msi
JM0091.002,1.40813903558174,2.18242306124543,147.779806251297,0.0191639793764007,-0.676688111152964,0.92438221220236,2.39607523914722,-11.3134868203894,30.1241461300534,Msi
JM0096.002,-0.438073218721705,1.63190977570676,101.143872451202,0.755038844801736,-0.461345404813064,-2.03331292044979,0.389664935550612,-23.5118609610768,-30.6711857737692,Msi
JM0098.001,-2.10315343644623,1.02663812432079,113.045493904297,0.278201538800171,0.289091655911599,1.73230456729226,2.03183371637656,-8.93844252290123,4.43038676235299,Msi
JM0099.001,1.03669315820243,3.10527385675337,183.949951522903,0.379408319400958,-0.4076220440707,2.1960523494314,4.07242622020209,-8.98729220093739,13.2969352297259,Msi
JM0118.001,-0.366276851377453,0.323615740887265,63.0321732052855,1.03060986867899,0.347093196848635,-2.54055815554983,4.68836112641728,18.0359804679165,-67.4905856973039,Msi
JM0118.002,-3.99566440887536,-0.310000055158663,-69.240152357044,0.0791717575441464,-2.36986913622083,-0.0657883949054925,-7.26253141564259,-52.4763762066781,-19.4670171126064,Msi
JM0119.002,-0.15991125515184,0.949033260023178,14.5847472558569,0.568755545065731,1.37301737042199,-0.370259863063912,3.34161243798177,8.78348134045019,-48.2848691321529,Msi
JM0134.002,-1.60269833199795,-0.170755832225949,21.7368116503574,0.455058256444602,-0.429842328863234,-3.05494770988668,-4.9754642652931,-28.8851310087389,-23.7807096968526,Msi
JM0216.001,-1.32423417872318,0.841440161770069,-16.1446334328531,0.435100234832565,-1.36897533406084,1.08800094073564,-4.6392579750961,-65.4529308835721,-32.5363444996785,Msi
JM0220.001,-2.9985384620307,-0.618078778135787,39.4159358712244,0.505018690993639,-1.01222410081816,-4.32432478894082,-5.96066652798516,-35.2855582802381,-18.3836319496298,Msi
JM0229.002,-3.54495904689051,-0.280802149574879,-32.2397629944718,0.168905669882829,-2.60127938540073,-1.3969625869864,-7.4230382761155,-41.5672024396386,-13.8854924006847,Msi
JM0232.001,-0.0903523672783676,1.83540575067149,157.22082610897,0.993676479737477,0.265368570714384,-1.49956523515797,5.77066671046467,21.8603762701408,-36.8111186140307,Msi
JM0232.002,-1.61064629091165,0.972528034548843,88.7122313909859,1.01687372310582,0.285284880824599,-0.965941188259942,4.65746689981659,18.2436139385457,-56.9114638176911,Msi
JM0233.002,-1.73962245404195,1.44066614966181,146.046815132417,0.489319047823901,0.31276698536224,-0.470628117575278,1.58487954568594,8.28574670885545,1.1847683062814,Msi
JM0239.001,-0.436558720705893,1.14646813310797,33.8196197252897,0.440313477025152,0.460703057767193,2.748673770756,3.41333428875916,22.2618849947944,-34.3545262370723,Msi
JM0239.002,-0.918600880210245,0.388300596163948,59.9237436852211,0.239763648585892,-0.770835009597839,1.61456581039733,1.09766187852944,18.3343829494938,-8.16352224513328,Msi
JM0295.001,-3.2230009880889,0.883307210325363,31.8416258109137,0.443478363023523,-1.5155411070717,-4.15477241855392,-6.28596314152532,-31.1133532091542,-14.6647495986416,Msi
JM0295.002,-3.4530210683192,-1.4063821164647,58.1861223602349,0.503163749567062,-1.53360202196333,-3.35825798266066,-7.62986014022836,-22.2895390707613,-8.91990763048116,Msi
JM0296.001,-3.35723229919172,0.0762617671718801,15.1518442738085,0.170784582270601,-1.95454370825403,3.80264646197252,-5.21740962425661,-58.8952696606769,-5.15992840960794,Msi
JM0296.002,-3.82467377078938,0.626828870972661,42.3769202764284,0.237172374021892,-2.0786040867816,0.16591008034307,-5.00153769976927,-54.6660112531527,0.0805576991127039,Msi
JM0297.001,-2.92151334008245,1.98573264499964,24.3409308471948,0.118243799640158,-1.84634908952637,1.43458135432484,-4.13864550281595,-59.0188974678782,-5.52258561433573,Msi
JM0298.002,-1.57338333323969,0.860548406696209,104.462785035069,0.416955553879387,0.331607600329674,-0.949359639589705,-0.228092858360727,-6.48715587914861,-4.44844792883473,Msi
JM0300.002,-0.986767032174,3.50144752464796,-23.8778941586527,0.385068694788763,-0.80744579610563,-1.87507199282029,-2.93397127210812,-45.436998243051,-36.8141818538708,Msi
JM0303.002,-2.90740427761911,1.62752149337729,-20.8010844922355,0.423700123039295,-1.00884120150664,-4.61641150316371,-7.34669370407492,-53.1041148473881,-29.3168472903702,Msi
JM0304.001,-2.14439040583657,0.295185810481265,158.138786079412,0.776328407289227,-0.918307114809521,-0.593115751351516,-3.96322560796018,-46.1656170505063,-6.21531856236986,Msi
JM0307.001,-2.0738050161305,1.07094766236504,9.47525203396551,0.377499719999217,0.053647595622421,-0.739182045641209,-5.20097477593279,-27.5406170505062,-19.6285934302352,Msi
JM0310.001,-3.11010489053012,-2.47567806070649,161.802383374264,0.675089519385573,-0.0474191066874022,-3.82912301728571,-2.12183174909327,-36.5359867739581,1.51327245231726,Msi
JM0311.001,-2.663560951103,-0.917771698900215,7.14755370574247,0.556732474351805,-1.72623868756113,-3.55284328185598,-4.59494736729209,-36.1598158266513,-33.4020063825064,Msi
JM0311.002,-2.90490956364513,0.0899518246905824,74.3056367274809,0.635957631944183,-1.43204086011193,-4.66406071498484,-5.39697370630699,-39.9216688089205,-17.2832687697729,Msi
JM0315.002,-2.3353177148087,0.325423308158383,36.9939232923465,0.449741334322668,-1.19134296920179,-2.94904135256164,-3.98389815086098,-39.2211801445999,-19.1621379339563,Msi
JM0318.002,-2.31703514525244,1.78113826832667,97.6542224312595,0.748732770154584,-0.197036925875629,-2.83120519462442,-4.63219741983357,-50.8132910030182,-19.7715610817684,Msi
JM0319.001,-4.02030508366755,0.0790525407648018,111.456846015338,0.493392314928826,-0.680454427705231,-3.02519344606516,-6.40447619363654,-29.6104784725773,4.45328139370153,Msi
JM0319.002,-2.29065113269208,1.04220384145065,94.4449890441214,0.732253052923201,0.296226780564252,-2.24158848657109,-3.0410077947637,-41.6950149147723,-23.3164103444587,Msi
JM0325.001,-2.39474034836121,-0.971551876367801,125.924212493948,0.549351335919158,-1.01616131488272,-2.11835419539418,-5.20706336477922,-49.0510541153389,0.623601681988402,Msi
JM0325.002,-1.3216216087873,1.19865437676217,92.9502597646417,0.52443290713769,-0.49820423080499,-0.488157074091738,-3.06898035382594,-55.2726812171647,-10.8579258651435,Msi
JM0341.002,-2.30263276164515,0.156528849766715,92.5342847287466,0.219619618193976,-0.793838764661729,-2.88719677919119,-5.37614879504425,-52.0723092451194,15.8609311996494,Msi
JM0342.001,-2.55061894388493,0.0161486953416548,159.283220149728,0.755538919536148,-0.617527201127835,-1.81560968558755,-2.8800565193254,-30.850272806153,-8.26861657507164,Msi
JM0346.001,-3.02729608573307,0.948426562037935,93.9618169742978,0.342396069451111,-2.18598494415156,-2.93030629245757,-7.11224168419538,-58.4032507203667,10.9404573271992,Msi
JM0346.002,-2.32471517561712,-0.231786100556191,149.816610625076,0.574418058809365,-1.10730037455832,-1.82016518283793,-7.22967290515276,-31.866602659223,-1.27469675436549,Msi
JM0347.001,-4.74889732238331,0.264516268287286,-140.013973524424,0.674192147831693,-2.91078385188595,0.288847520392108,-10.9431200263357,-48.3298479628045,-76.0114193591012,Msi
JM0353.001,-2.01249227622721,0.215362731212729,-7.74416266820127,0.385651428339903,0.194563186665909,-1.49909302543321,-2.13619629311957,-32.7397263727387,-31.2825725864141,Msi
JM0353.002,-2.43183722250579,-0.599913258480733,-152.667822551092,0.221188369035469,-1.71738957133493,-2.81746718545072,-8.62087765013243,-31.4236791341488,-53.4524619733427,Msi
JM0358.001,-2.86039181895751,0.701391033697713,6.02164717887166,0.508714509928097,-0.439386639651742,1.08092725400033,-1.62244641793118,-19.8564574488473,-37.6961324561728,Msi
JM0361.001,0.39568852010516,0.53585580870094,57.9676768818973,0.71039082538219,0.155946905936953,-0.9317936340976,1.61120921489986,17.4463273140027,-43.9132582342431,Msi
JM0361.002,-0.662751027319319,0.86955012929361,52.1466350051738,0.252975134675885,-0.234799768378399,1.24804285981399,1.77874426897472,3.82666183343687,-13.4007815728579,Msi
JM0362.001,-4.13184824630167,-1.54244871024767,-94.7456784038212,0.534873950571873,0.38289768543039,-5.60636299271462,-10.0679338814003,29.9258432632413,-54.2256758480419,Msi
JM0362.002,-1.53896576901252,-0.0439954667311746,35.5083394370763,0.691459398187861,0.0576893081979426,-4.19742810008911,0.804581795833936,20.5154579970093,-45.4824574652688,Msi
KMS005,-2.76479826981758,-0.776882106131756,18.1530295189199,0.361106847236183,-1.31773307664338,-3.62761078616521,-7.39881964413365,-18.4865153511159,-13.356212360333,Msi
KMS008,-1.18185489765744,-0.391887259135763,63.4538459502601,0.402686728444125,-0.54865595664564,-2.89393879418151,-0.733399630897986,-1.38230176579646,-15.0463070790672,Msi
KMS011,-1.60607940550617,0.431847814614855,6.14327972058103,0.242338594493907,-1.31715383330039,-1.90979370914035,-2.18240314140382,-10.2906170505062,-17.6048169467217,Msi
KMS014,-4.2782515046857,-1.5171793933207,85.4319973833811,0.302868817812569,-0.864846589124043,-4.12989616587359,-7.62084967220298,-21.938408254225,13.4099014022761,Msi
KMS016,1.29413125791588,2.37510711648907,121.95850301866,0.59956810990121,0.352744384706792,-0.966083945078094,7.5751134420242,8.14748785905197,-26.1752451389555,Msi
KMS018,-3.34149783067768,-1.89108065482462,12.2947853614154,0.1986733916947,-0.353739138217256,-0.330455825035591,-4.36944108740548,-24.8609308504779,-8.08769801970219,Msi
KMS020,-0.477828258336658,0.226402917913068,173.874359660841,0.582120256426199,0.387142571018574,-1.84718717732975,1.66644437645387,9.5004041828676,1.51315976613076,Msi
KMS024,-0.650997281973416,0.334066995046565,122.996497102109,0.454355090518353,-0.560120357639434,-1.39224859199084,0.812078198295648,-5.26575264719171,-2.88008775569832,Msi
KMS030,-2.41479906355545,-0.526283623843297,38.5890028566011,0.365475085420531,-1.55028110496935,-1.67199978608494,-4.40449785348544,-6.06714189688594,-12.3795343229877,Msi
KMS031,-2.32222932319093,-0.291683635585102,68.1032706184561,0.0422778727219338,-1.13427283071188,0.28590820256389,-3.39589936552575,-8.91078980052312,15.5213649011982,Msi
KMS034,1.32049504525761,1.98013138692072,143.085680657087,0.489573155972388,-0.213843370426553,2.14037469948992,5.32328364262725,-5.84960991833267,-9.57405399591893,Msi
KMS036,-1.41543752806172,1.26006826656135,43.9746107166108,0.541533538219091,-0.47691698697728,-1.47875031982496,1.86302611291534,-5.20949273963532,-33.515215291815,Msi
KMS037,-0.393077664673083,-0.0472511640995774,102.172594127346,0.482727643218526,0.492765347892487,-0.624303425248831,7.82589406838714,22.9258432632411,-22.9057447277894,Msi
KMS038,-0.567255093929599,-0.600730054485239,46.7829763949921,0.519763062837358,-0.464834763821601,-2.58886755602462,-0.954393233731784,-9.11306169614258,-28.682187536577,Msi
KMS039,-0.162631816968809,-0.686663785688748,117.112736215084,0.588739497892864,-1.49995707411328,-3.82359127103057,-2.53774514466794,-16.7726261468462,-8.48970871506999,Msi
KMS040,-2.16059966983349,-1.05491157789656,41.4528642238686,0.327829997093655,-0.791770261402319,-1.61002942265485,-3.37552393748478,-11.2698451517172,-10.9760077047934,Msi
KMS042,-3.97735101833438,-1.03972577505702,107.102457047749,0.247437565493261,-0.814347138456478,-2.6621127734517,-5.00318872128517,0.177329125584291,18.6225482449937,Msi
KMS044,-2.54461704141987,-1.04566275623163,29.3954531695082,0.406205976071575,-1.32362390420233,-3.21789671674777,-5.073478820418,-19.4367234651699,-16.3230269043942,Msi
KMS045,-0.665498357790756,0.123750463794623,152.491185753175,0.641583811389826,0.798203808124857,-2.63245649256136,-0.535947277112085,-12.4419648058488,-4.27011241540403,Msi
KMS046,-0.823623823265168,0.274005176024272,13.409116018464,0.194769254015924,-0.490757797731012,0.611256277916036,0.16733087818814,-19.2607892756261,-18.3866663910629,Msi
KMS048,-0.0420096269955391,1.02784152471041,54.8047877430068,0.331496551722227,-0.424483074681302,-0.997376114088101,-0.863971787810178,-19.5781111575997,-14.1926647045448,Msi
KMS049,-1.69216424845022,-1.94171194542839,127.390224459765,0.403792459866732,-1.00237879271269,-2.54925116359092,0.0959482660163819,-7.18353926918729,5.24030772096051,Msi
KMS050,-1.15586792843867,0.776560627894576,31.7276057251537,0.302424089053916,-0.183363654964065,0.27310913605159,1.24315004334274,-13.2104831037423,-21.4205534516186,Msi
KMS051,-0.485398982885324,0.329026938401691,164.532667061668,0.482306975791885,0.814403537969228,-1.24557686414291,3.26006916727063,7.83438294949385,2.29202844506389,Msi
KMS054,-1.11219565571013,-1.25333938574207,130.531336704704,0.399752394927893,0.723746789072256,-2.85812636696178,-2.65237751589423,9.78962272231463,9.02819923524308,Msi
KMS055,-2.06017648881189,-0.8579154827264,63.4578293338095,0.396044667134088,-0.123625515819461,-0.859489829698658,-1.4157027075687,0.387680403904648,-11.3998794207301,Msi
KMS056,-0.653312256007899,0.331404576682415,53.2415642567178,0.579785535410403,0.204934581524127,-0.581166876148834,1.92920762072953,8.42882059198517,-34.9171366519388,Msi
KMS058,-1.37173274674077,0.928372765120368,-25.1686947084931,0.158590510504335,-1.56319957447934,-0.176382755196598,-3.52607831704561,-10.9576320762774,-23.0594297385963,Msi
KMS059,-2.12004078555646,-1.84223298245707,-4.49745330964083,0.214628290377173,-1.18062086589281,-0.931929710310844,-3.83904852062225,-7.01322572230291,-13.2102960185371,Msi
KMS060,0.441424668017199,1.129523255911,19.1177820527873,0.283267989202911,-0.202844647766385,1.92180388179168,1.39620348129971,2.59527838600743,-26.2218535320024,Msi
KMS061,-3.11461137641959,1.93749135599735,36.4078981365695,0.0250779205787987,-0.287740308948904,1.26522497667686,-3.37225756940766,-2.78646976104268,8.46902162640749,Msi
KMS063,-1.9165407782993,-0.904604019757502,-10.9920931281054,0.232798291497563,-1.14800388180393,-0.637983015022266,-2.30703420158362,-14.9481996848448,-21.014746166846,Msi
KMS064,-1.83526925415173,-0.270594306594874,19.8328349224401,0.231843483437132,0.978751790114689,-1.80112222788104,-3.63941696246439,3.35745115289172,-11.9872280595055,Msi
KMS065,-1.51597541103591,0.964902897705859,74.331229096062,0.502176286175749,-0.0612434598209451,-0.446278818203561,0.424816907168232,-5.01395044470737,-20.2708567895873,Msi
KMS066,-3.25769666564246,-1.15570971099621,-21.4307366063062,0.849410201999215,-0.608141157767002,-3.64082505457766,-6.07530158311449,7.69445962168294,-57.3580410833546,Msi
KMS067,-0.451645700117783,9.00094362650298,-64.8320971085275,0.0725599436987087,-0.865258479111269,0.710946005651754,-1.99839071438923,18.0860483777223,-26.6705378028064,Msi
KMS068,2.106974867627,1.60171051542308,136.57398470199,0.596211297009788,-0.101686294503211,0.190360009334858,2.92375058552464,7.30987322023185,-16.1499807935389,Msi
KMS069a,-1.05161648357893,6.32445921681251,-82.7747901335137,0.0856789960440964,0.464300373481594,4.16844569515685,-0.998173968534318,31.882892350575,-39.5013620787055,Msi
KMS070,-1.66373522317928,-0.356388973003623,99.3145455483668,0.28237875663108,-0.667267062853428,-2.20638205760082,-0.812252811801297,0.92885068196763,6.00368039218559,Msi
KMS071,-0.627372759248401,0.187153189477609,46.3683068455223,0.824802858261049,-0.357356931594052,-5.13113255320562,2.85660874503339,12.4393272558872,-59.0741862619781,Msi
KMS072,-1.4388059050432,0.163796015365075,139.054677605088,0.515471104628102,0.815930763370579,-2.47564269110505,-0.368144861258772,-1.23658294532331,0.277269940185421,Msi
KMS074,-3.88136935214354,-0.921519564743814,-52.9021297340822,0.272927628315115,-0.786036512951515,-3.06671476524475,-5.38662932419741,-2.81893255653543,-29.4085010113765,Msi
KMS075,-2.64471226421746,-1.2869317034895,-11.134738165125,0.337962951256286,-0.0625827895218097,-3.53367719388516,-1.69683693010113,11.0675483295131,-28.7922661627416,Msi
KMS076,-1.0690877846177,-0.992261484440843,42.4753825047198,0.50435523828363,-0.705931042217715,-3.22802421079363,-0.601404855647323,19.3658386566582,-14.8859907178149,Msi
KMS077,0.117984992373684,0.821613363979849,-2.32881359014731,0.427080727815557,0.6626666004815,-0.418456591377589,4.32672596520723,12.2478591675336,-45.8920484123257,Msi
KMS078,-0.396347366100325,0.264294571696297,153.842445284705,0.698945904492564,0.706031407416162,-1.75297350019395,3.46028456148728,10.0335631440653,-15.1556135699336,Msi
KMS079,-1.25504618250353,0.251325753547009,11.7495640236798,0.220626223540672,-0.886923367641683,-0.938028669256173,0.289942687379456,-10.6319016760083,-18.1418374535724,Msi
KMS080,-2.9511654277686,-2.59810023352917,-2.9460027112441,0.154312863883596,-1.62502681297206,-3.64996233849979,-8.27210326885714,-14.2273394107796,-3.17948153384095,Msi
KMS081,-1.71935866146433,-1.28778606991942,44.8110945150013,0.681851771175978,0.802235690919726,-1.02579171819427,3.1905483293514,10.0530516477978,-46.0768565493527,Msi
KMS082,-0.0767786847856253,1.41539394681244,77.7374409955264,0.594777827781724,-0.427352052209182,1.10707567365827,5.09993691411578,2.10318952551918,-34.7095071829457,Msi
KMS083,0.123456614378693,0.299924395532784,30.7546454631825,0.380782867182444,0.054286547522999,-0.74868462915841,2.74558299492504,6.59454078613753,-30.3062961639522,Msi
KMS084,-2.11153935332397,-0.341177108151188,103.406055227902,0.224092712839498,-1.28508422077974,-2.11999261304812,-5.88318462902536,-12.002288590491,20.8065982232633,Msi
KMS086,-0.0824547284523429,0.32436203901754,50.3159186407675,0.492876144052694,0.00248024137509289,-2.02750779080434,-0.159239295740524,4.75595445424283,-28.2359917379254,Msi
KMS087,0.0296958417774427,0.606823183144462,42.9039943128746,0.406842814225977,-0.899722134333936,-0.796970478897545,1.32690060309442,-11.2382494980693,-25.2504846038931,Msi
KMS089,-1.90686105174013,-1.70074058992188,144.505490055117,0.525843318668369,0.0784528254489699,-2.65775723828711,-1.12811489365236,0.469117647947586,3.31387470491753,Msi
KMS090,0.0340233758272914,1.61269832552153,43.3919041995899,0.491833589537109,0.174920012302536,-0.265241244050904,1.68216377143661,15.4361675398631,-31.7064329171288,Msi
KMS091,-3.00439245957913,-1.14546642991661,-23.5863783392351,0.423558890900137,-0.643803739099086,-3.45248846362195,-2.18770798048259,-2.35673823311172,-39.1341575164833,Msi
KMS092,-1.82300526515334,-0.702213978029662,111.217682229349,0.439944311281771,-0.20131752891441,-2.64672502953287,0.845864216101527,15.9911927631155,-3.70715308129638,Msi
KMS093,-3.01714957043783,-1.28429353674438,97.8405194319066,0.332670165937742,-0.600475669356753,-1.12763195221109,-4.41870516811215,-10.4977570772836,8.7001935264732,Msi
KMS095,-1.36132116410485,-0.162589291768374,70.4940361604369,0.501289737478949,1.46955466737068,-1.94609215011437,1.34830831748286,7.16807435551743,-23.2877670990269,Msi
KMS096,0.0768680781525252,-0.127631099307848,29.5692055331777,0.465861780700942,1.41506903642961,-2.66127988608026,-0.0919904005064778,-1.38489178893254,-31.2497546623771,Msi
KMS097,1.18052063273536,0.722719940164909,79.1179690539851,0.502089523510436,-0.178547677090017,-1.82512147501147,2.40013278836415,-2.87508985520274,-24.2545003851662,Msi
KMS098,-0.738873826351757,0.18247493537508,114.555095834835,0.533941756549041,0.8743642230203,-1.72859930693317,1.86247221770661,4.19453443350078,-13.4436606528408,Msi
KMS099,-0.818855426528545,-0.414242116616858,96.5490183072371,0.59088716166359,0.179055961867596,-1.59711173316635,0.96286383029128,9.79278787795192,-21.6414864192721,Msi
KMS100,-1.05182547190518,-0.31522668638424,87.5991694160565,0.505121480529839,0.0523001003909037,-2.03565220923804,3.76608946245785,6.30088690926109,-20.6355377320866,Msi
KMS101,-1.42879868576904,0.993275431120196,91.4189760947141,0.28270660023918,0.364015121680538,-4.11190845625488,0.726939813780467,7.22036379307339,0.272138333070845,Msi
KMS102,-2.643190115113,0.00911997548883026,55.1522321371852,0.26491081861171,-0.254048141455556,-5.58405347668877,-5.37757280057031,1.39963819013194,3.17175855688482,Msi
KMS103,-2.63730025575206,-0.30688340699561,94.8999515672938,0.398034746455306,-1.22337163178003,-4.51165447578211,-4.96527389105374,2.10338396977482,4.55123870350894,Msi
KMS104,0.615174699375135,0.0581095605767736,123.081525372393,0.507677880609559,-0.133348675770331,-2.20841763857289,2.63964158900375,4.21218503940082,-10.056214417355,Msi
KMS105,-1.34774854037135,-0.173476460470638,88.707611806966,0.404009006413435,0.0494050319147723,-0.509375117925308,0.0523100448746671,4.56136726655336,-8.49391594565969,Msi
KMS107,0.177351276742401,0.330516821552073,79.4756945297026,0.503452787604843,0.51142708661752,-1.35180026396894,1.722155716981,2.59527838600778,-23.1251166048445,Msi
KMS108,-2.86344105236262,-0.25549157275706,84.2767713607368,0.250564017075197,-0.26542805152415,-2.49438157692033,-2.97054343263097,2.06712867417684,8.31337563979696,Msi
KMS109,-2.13382149394607,-0.734587076992041,81.0829216132475,0.402220936948879,0.948852511808362,-3.58084076962197,-2.98299958684118,-5.58633633323677,-5.09119989836282,Msi
KMS110,-1.72799770628087,-0.238806261165726,-15.5483380863761,0.383375051511803,-0.778813875823989,-0.450081057153567,-1.50461549604877,-5.88955741908215,-36.5719892741538,Msi
KMS111,-1.25718521415724,0.566798936001844,29.6426681203892,0.613109457725112,-0.232274008031235,-1.53531620339401,1.10132623214024,21.4870205079342,-38.973403071004,Msi
KMS112,-0.906737506240667,-0.0640172219472522,85.0147562979062,0.354739236499374,-1.18350907880641,-0.364180555833314,-2.07483062922918,-25.1059381257432,-2.94735584328529,Msi
KMS113,-1.75865497364329,-1.4799962260617,-82.5757721821658,0.195867334336938,-0.56254435481238,-3.00632484450247,-4.20678293789039,4.58438294949432,-38.160935289828,Msi
KMS115,0.253697910930667,-0.158359456288892,52.7636409615719,0.462480714254977,-0.402183706570507,-1.23792550360006,0.460593554574533,-2.66143657075283,-21.193796010632,Msi
KMS116,-0.776147411676247,0.52097630198939,66.5785032087422,0.436572340375079,-0.265761106592168,0.390247081659268,1.87176507714092,11.1765982670811,-21.4625468059181,Msi
KMS117,-1.33416567684678,-1.02530771250069,55.9242407681283,0.461004227098564,0.412402727748965,-2.39095511685104,-1.9012845788854,-3.8399027536433,-19.3155306437661,Msi
KMS118,-2.82097182350423,-1.80276505195858,109.624413760622,0.325261136337533,-0.904454060453424,-5.17946690581178,-5.79746234613509,-13.76739942143,17.0571108141226,Msi
KMS119,-1.58472548103504,-0.360345509127833,78.6053328343869,0.601013291233407,-0.847722349792772,-3.23034101145342,-1.87516491819773,-8.75723035540866,-21.1414642751989,Msi
KMS120,-0.0679479304056669,1.49413770029322,5.92475923164702,-0.0321072420582329,-0.23799163274454,1.98691150783231,-1.69992103641175,-19.4061801004362,-3.01349042481842,Msi
KMS121,-2.96118679935625,0.118416172420812,36.5761219763113,0.310682132846414,-0.32555110392943,-1.00044538991945,-3.38734059262094,-10.9645451172596,-10.5146044890261,Msi
KMS123,-3.2239860420963,-0.529890897395766,58.3656376575804,0.28026237084096,-1.1756413050279,-2.81391829338898,-5.13055583445552,-9.44354555900531,1.1913377099227,Msi
KMS124,2.06424895295293,1.60056229139714,127.570286876441,0.476845235172305,-0.002280468555299,1.6004439536118,-0.85391277635275,-2.38794331931371,-3.95492299743839,Msi
KMS125,-1.33847100448911,0.688869862179481,-4.49229889543836,0.210628652478449,-0.619538742165663,0.671528513646356,1.13897253505102,-7.84656466347087,-25.3516577043126,Msi
KMS126,-3.52360163683675,0.274956735707516,-25.6727287299886,0.344220628157002,-0.522642041270408,-3.45599487053464,-3.82925781831351,1.38414987281799,-30.2439390641706,Msi
KMS127,-0.502444855758956,1.02300148313147,26.3567242395004,0.287213281724674,-0.846586495063182,1.61295135204846,-0.321442174836256,8.87485427940397,-20.1228295177097,Msi
KMS128,-0.883924366807213,0.38962966329066,79.2311483478439,0.5099400949988,-1.04537601848035,0.0431150185522872,0.968575249312277,5.15527834197413,-20.5983137520404,Msi
KMS129,-2.1408733679743,-1.14744510127796,-45.8460395728885,0.232084602060252,-0.979551430396755,-4.6437558922944,-5.09464598551706,-6.00696288320579,-28.114559732881,Msi
KMS130,-0.660039022571971,-0.723808272198934,53.4224793004775,0.276340912357546,-0.974054195951133,-0.943326096347135,-1.69464384014212,-13.6583448169095,-8.15897343286221,Msi
KMS131,-2.1435973344362,-1.34187870075276,-30.0348130080062,0.210779700926736,-1.23061959795634,-2.35420494335633,-2.53612927002669,-2.05642935262299,-24.0177984101883,Msi
KMS132,-2.57325210471233,-0.771379149869961,58.291790513607,0.53457179601332,0.306060772041141,-2.53967508107671,-1.99159531300404,1.27837667372243,-23.0181714632972,Msi
KMS133,-0.483225143462625,0.472764611695991,48.0408290829871,0.396953739900767,-0.291385042392934,-2.52154753071384,-3.94387708090136,-8.04249952536574,-20.2046924765495,Msi
KMS134,-1.78866423437392,-0.0899123001143366,17.2918347478793,0.237329590755136,-1.98855061393553,-0.298277525502687,-0.90369487801973,-21.365311588015,-15.7834330573642,Msi
KMS135,-1.84231546542313,-1.21076871395197,35.3204329377178,0.366110057672276,-1.22111299409432,-1.26877415409401,-4.50018287971287,-3.66255802004822,-13.7538319848827,Msi
KMS136,-1.45742821943105,-0.301949602791964,17.2626977279508,0.243510171234726,-1.06591771580744,-1.18647446515991,-2.51719448558941,-17.5174527854011,-14.3781922752977,Msi
KMS137,0.169286486411593,1.36700768601279,34.8723420418226,0.577990840753973,-0.646166245996562,2.08709964869501,-0.306909591695108,8.06936600219468,-38.8599275546812,Msi
KMS138,-2.78718316012865,-1.02123879090019,17.8045763871492,0.401456695235154,-2.1649625178814,-1.60121040017712,-2.07135214003215,-25.7262460365107,-23.2239415520667,Msi
KMS139,-0.988147389363529,-0.50870509205053,17.5193330428913,0.459467937937055,-1.42661644010506,-3.41993430421979,-1.0709946725115,-12.2451238595899,-31.0048595781858,Msi
KMS140,-2.07512977599885,-0.75874343636843,117.28351559348,0.540873074136373,0.100562283291021,-3.32234553088032,-3.00707298514383,2.98554505573956,-3.72721466561272,Msi
KMS141,-2.36385125438767,-0.0546839765809301,-19.4190311836883,-0.0637698858180983,-1.36113732134319,-1.22983952956901,-2.9728724404633,-6.85116461814054,-2.70225509766146,Msi
KMS142,1.22657807287748,0.239128502241549,70.7828542733691,0.0735570198081505,0.399122670729506,-1.34177865953669,1.10160606809663,-15.7136987314388,3.27909104444762,Msi
KMS143,-1.72878077375919,1.32597352167094,118.094604023227,0.534993701138926,-0.261291240644154,0.526061375852581,-0.217404197782415,-1.09497560764855,-8.89037782240548,Msi
KMS144,-0.942121795287577,-0.254289961656244,-41.2759810937219,0.22166024755859,-1.02622139449498,-0.565518123565868,-5.1317255645704,-6.29148251994687,-28.3466460468538,Msi
KMS145.6,-1.2234163882257,-0.149018893713904,1.94506962947582,0.325380443601101,-0.0989356801485369,-1.96803937868718,-0.399043733425558,-4.43249553429623,-27.6455891063157,Msi
KMS147,-3.25609212764232,-0.879553572205062,15.1121128156794,0.243713341059544,-0.725171949753233,-2.59685417696201,-6.77585169077353,-30.3063213611208,-6.650344897917,Msi
KMS148.9,0.272428148299272,-0.10423237816169,50.8728623169391,0.364784390183283,-0.811717038755249,-1.47463551526694,-1.06447319722841,-15.9270891058319,-16.9259846209164,Msi
KMS150,-2.28658291663331,-1.95162587218389,-30.2272296862801,0.221234581058385,-0.703976176699933,-3.33953461234719,-5.46189988984331,-1.02340204989186,-20.7696273681404,Msi
KMS151,-2.57303923059919,-1.09622346029707,125.24377732003,0.803097416895465,-0.77220980465387,-5.44702276531172,-3.57070121244416,6.76549421060726,-16.7614518768476,Msi
KMS152,0.583384985718259,0.0747471824649013,92.7119872759502,0.10198991816753,-1.00475059802737,0.312970511481656,0.889415541124111,-15.5583055097859,9.28591157647967,Msi
KMS153,0.722598927746993,0.637498931809204,178.938468129831,0.148739236973396,-0.19608580875698,0.350205675842982,2.35123472724744,-23.69151472391,32.0191874867246,Msi
KMS154,-2.29692377058184,-1.70770840171199,84.5300720008879,0.481978522537527,-0.299412043180209,-3.20850745540039,-3.49603078981793,0.659629536458741,-6.22819099376049,Msi
KMS155,-0.874573258352618,0.102132144420836,81.7949027030355,0.444167036086588,-0.56069817527511,0.522692643730122,1.74279537284906,-10.7517471402336,-16.5708256795817,Msi
KMS156,0.681530394956218,1.35585551020652,-43.3964837492151,0.0850676235908903,-0.489675155889211,2.34096363017434,0.162973648060611,-16.6252410127454,-29.7542178446865,Msi
KMS158,-1.88229513593096,0.563410156295611,16.7033612155466,0.598259343786662,-0.599937015696449,-2.29054860024309,-0.3992389783976,-16.1060847170994,-42.1639356809046,Msi
KMS159,-2.75342134649435,-1.27307997588161,-46.6800588159098,0.181006354476892,-2.00174346808508,-2.49043709576702,-6.36624731192386,-15.0599153150477,-21.1871445126718,Msi
KMS160.1,0.0769278389173161,1.14009355910571,138.880469122815,0.718426265954096,0.00934891777573594,-1.83204496445664,0.518092820753134,4.2248631529555,-17.0860316124407,Msi
KMS162,-0.182413495924889,0.167002910333324,164.546777902605,0.454476468487034,-0.418112110557012,0.828733015406893,-0.439466894328292,-2.16306330698412,9.10616270156767,Msi
KMS163,-1.62353255840779,-0.215983938766359,149.883456415229,0.569713764471617,-0.731045910160404,-3.76778595622279,-2.56257854930075,-4.96405915440192,3.95454692236994,Msi
KMS164,-1.63166523020059,-0.264923306557218,84.1808472306769,0.354318458273716,-0.858916791613644,-0.379026907029269,-3.31257917981876,-12.7159691165225,-0.753724164700361,Msi
KMS165,-2.26197863982493,-1.96981949223154,102.461802602222,0.681003711472042,0.604933336191007,-5.27345837086419,-5.15210477290889,2.50404359240455,-12.9808838250923,Msi
KMS166,-2.13994507114107,-0.236851956056378,18.445085519727,0.465804252913171,-0.509240342715568,-1.25534346474074,-1.51165393215047,-10.2221677561248,-31.3080987493054,Msi
KMS167,-1.77280453441598,-1.36603775432564,133.104769056811,0.493550794410539,0.199751610942539,-3.43989827082996,-2.37256121052777,5.48671368576947,4.17223835691829,Msi
KMS168,-2.10721980980881,-0.418524559579289,109.331006446612,0.466023596941756,-0.548330565751664,-3.29648728577604,-2.153428436452,-9.09553661736021,-1.25091150286225,Msi
KMS169,-2.17397120261899,0.134874471122213,17.5868458958909,0.518726697899972,-0.122639470898291,-2.89513304901762,-3.43471569007956,-13.7917571897716,-31.6288466860527,Msi
KMS170,-2.66589898357004,-0.947339727801382,79.2138679670154,0.291995157920682,0.165990923456577,-3.220448571149,-3.49839718938661,-8.73913069172093,3.72985515407864,Msi
KMS171.2,-2.03609040558075,-1.65277621338317,142.794568109621,0.539911597420721,0.00911207431871388,-3.71853514189335,-3.65778998839527,-4.68928119011953,3.3790947554128,Msi
KMS174,0.626467410297949,2.39422819201467,-0.765533209334828,0.665100894976843,-1.38515353514051,-0.296828328818079,2.0819819989272,7.28065328560472,-59.6063336329804,Msi
KMS175,-0.945475606351909,-0.9187134841188,95.2975096844956,0.781707265802889,-0.725140257648979,-5.07981868382844,-3.86548726997511,0.80144383577243,-25.289113019972,Msi
KMS176,-1.34578831839078,-0.302277493302703,51.1036228654097,0.502458478182609,-0.317639905048401,-2.53202370590629,-2.82072158390505,-0.342730022426662,-25.2758824290517,Msi
KMS177,-2.58289045843706,2.09576727374903,25.1656716015328,0.316779637985153,-1.51407150746691,0.142821659175451,-4.35581806282464,-0.753876537143747,-13.7118733445812,Msi
KMS201,-1.00864620772909,-1.18405351472704,-20.3996643076366,0.202086397007744,-1.77994110113496,-2.16800309804323,-3.78658189688025,8.25703188033122,-19.67870904573,Msi
KMS203,-3.07170405183978,-2.9759900436601,-44.1485200284032,0.196967823049613,-1.17695055143524,-4.84300414231851,-7.37161571446893,-6.07442056339552,-20.4122843855471,Msi
KMS204,-1.46774112643448,-0.730021025406937,-40.7996855508314,0.310740103607634,-0.92611657368366,-1.03159173027323,-3.60187984730508,-2.43287921183486,-36.4697052866227,Msi
KMS205,-2.10841184554957,-0.756362706542195,16.785751971341,0.371071664436941,-0.842145466728864,-2.81822146908703,-2.5732441350759,-6.68967430088216,-22.6519334349142,Msi
KMS206,-3.88088375981676,-0.261988206493103,56.3440113027736,0.434394668467833,-0.820284419030394,-3.63401182258839,-6.99265625017878,-18.2909595074587,-6.42195828573665,Msi
KMS207.8,-4.35324509164627,-1.8037979441948,63.7247417331932,0.399988564124096,-1.440969340801,-4.31457743879073,-4.5477935881017,-7.30028382820652,-3.32026889475771,Msi
KMS209.10,-3.20419716106232,-1.24380956233803,81.6432542661513,0.451502011142959,-1.6978967827873,-4.33759894293571,-8.84305877751716,-17.4054350430271,2.9890965524859,Msi
KMS211.3,-1.58642712017775,0.315228129365403,59.8862646544364,0.403532602231824,-0.498147124541216,-0.617772688631156,0.0282619877869002,-0.516051106521344,-15.9814895862143,Msi
KMS215,-1.29932674543392,1.15626828903457,139.565096224748,0.604948461483808,0.807874905240658,-1.40616437769344,5.86567816198461,-7.74938945016587,-14.4772374486137,Msi
KMS216.21,-1.2194777345783,-0.692161457088394,98.3551672144822,0.638461271299458,1.12315700708807,-2.57124120722372,2.36364189160932,12.2289504788876,-25.1275824257917,Msi
KMS223.6,-0.706764622391832,0.337965900011001,138.530514702775,0.695668489123215,0.263310831399559,-2.61404689459546,1.3562427310916,2.92440075210102,-16.1144632463825,Msi
KMS227.30,0.300412803932248,1.37924238160511,46.7704426089622,0.257634654627028,0.0106534847420692,0.794722123903185,2.23814938143146,0.385163969941365,-16.7004568110805,Msi
KMS231,-3.14638834467422,-0.603724869507224,-35.1575169169251,0.35367696799265,-1.68057640113211,-4.7430306862251,-5.83438036003303,-1.92897109177087,-28.3966097676478,Msi
KMS233,-2.0614256334084,0.108677218617811,20.0208334542861,0.408550594015081,-0.340483109037936,-3.91525638600931,-4.05671629876476,10.5151026385492,-22.447786462588,Msi
KMS234.5,-2.15470791385944,-0.750070974695233,205.213118965219,0.722882545431834,1.3282661961724,-3.62269433790056,-0.820440888624237,5.18715737388487,8.35300432520151,Msi
KMS236.41,0.338231868936612,0.355486780229017,163.791372246446,0.507575912966297,0.072199028064797,-1.54332815687275,2.34774896984473,4.23726215952726,1.67508373162664,Msi
KMS243.7,-2.15457933474327,-0.0389554152390985,120.854806702194,0.464583276929536,-0.0304812438510085,-1.45586072422081,-1.2762453516863,-5.15911911156361,0.244390516855333,Msi
KMS248.9,-0.778225094198631,1.56048466855235,80.3214319067555,0.455058130436629,-0.668370528306165,-0.336948516768957,-0.327273368459158,-3.26659470592935,-14.0664764413503,Msi
KY.2009.001.B20.b,-2.08241275002244,-0.878448382920532,101.845495498206,0.309391292003697,0.141321466251829,-3.00789346650944,-2.30691215360931,6.42771202977629,6.78980886143924,Msi
KY.2009.001.B20.e,-2.75436824480991,-2.65055435015886,-61.5360859157938,0.226453929859421,-0.912095621965363,-2.91104581733484,-7.63480344666362,15.5258409902159,-27.3034197930175,Msi
KY.2009.001.C,-2.94792846738878,-1.57595077792042,-27.5245122021227,0.310342663434401,0.270919184658463,-2.67201169995004,-5.87173869176703,9.439327255887,-26.5420865798327,Msi
KY.2009.001.D,-0.529284186949405,-0.664710713425601,-51.8423942735985,0.180784014939148,0.20267945106691,2.98794239106313,1.29015502580236,3.02617700081327,-39.5070927533077,Msi
Morioka,-0.630295461173255,4.5583248668327,129.636940137312,0.258185207291676,-1.0392881243306,2.09079808604977,1.09773696516223,-40.4818991048041,9.41897688124885,Msi
NC.2010.001.009,-3.47698273614378,-2.0649684833231,164.707374244909,0.776404028103195,0.0841886553187609,-5.55033106604834,-4.68907036224311,20.200150959413,-0.139027196039535,Msi
NC.2010.001.010,-3.13268332455652,-1.9538612379392,84.2185213667805,0.572034573392021,-0.76567162786663,-2.77592156710195,-1.59219642650304,7.90933374026295,-16.789712511367,Msi
NC.2010.001.5.B18.a,-2.75674615041631,-1.28011632641063,-62.8244339781574,0.670278164619765,-0.0830064300194834,-4.86804549672428,-4.62191783022123,12.6090303448547,-85.8998435840217,Msi
NC.2010.001.5.B18.b,-1.55774190445263,-0.816245928971297,78.4549307802977,0.523402518642186,-0.228208345223875,-1.74707189579336,0.476863490630955,12.9916448143611,-20.37679355605,Msi
NC.2010.001.5.C,-2.09840914732115,-0.344954505278061,-28.4281969406208,0.448578243009523,1.2305390935481,-1.85255176306451,-4.568369479701,22.199951610085,-40.3098326735034,Msi
NC.2010.001.B,-1.93075557258206,-0.914300250989954,30.2722665577123,0.24521741460988,-0.649730177541486,0.223986825135757,-1.70895379126875,5.21603921169863,-12.2539382306986,Msi
NC.2010.001.B44.e,-2.45921865788067,0.0618309588317552,-48.1586540129208,0.346106237335269,-0.271247720962861,-0.604561579940272,-2.64808623115796,19.4289430286364,-41.1966516785867,Msi
NC.2010.002.001,-2.33468671070866,-1.48882631064994,38.334678448477,0.172631425533462,-1.73293798885284,-1.58092991393974,-2.8127923678238,2.50593316613711,-4.56755268544999,Msi
NC.2010.002.002,-1.54450821251096,-0.17651726266072,108.830446762059,0.327290591561534,-0.458522050271309,-0.278233178823041,0.815260211944726,10.6496994253338,3.68037163307305,Msi
NC.2010.003.001,-4.48599931008092,-2.07319096039873,159.968706775801,0.658486378380304,-0.23757108129477,-5.59648124460116,-8.46560437363362,13.5585291837607,12.9905067946467,Msi
NC.2010.003.B50.a,-1.90321595724643,-0.985874090745258,81.3880776949329,0.474507399308263,-0.802506746186879,-3.07994347024828,-1.76924645359681,12.5186424759993,-9.90187571873688,Msi
NC.2010.003.B50.b,-3.608162608381,0.906162807994105,79.6339090697045,0.593924924442339,-0.534745000585234,-5.66257943256775,-7.00450122018421,12.4258432632411,-10.0442673411258,Msi
NC.2010.003.D,-3.00501899281264,-1.61865779514871,-35.0972182873381,0.496861858671094,-0.539476298582728,-5.31162875309661,-8.10460428462692,22.6731103232734,-36.6480746061064,Msi
NC.2010.003.E,-3.53374161286416,-3.05010192182121,108.397803140609,0.357297097224959,-0.435452369856962,-5.16260317121911,-9.66242657008632,1.2295077071235,18.3955629004414,Msi
NC.2010.004.B37.b,-5.48908835953405,-5.87253618307934,-70.1764032528253,0.467992665371294,0.478636419653615,-8.22760007334232,-17.6811579603058,26.500404182868,-28.4106471613928,Msi
NC.2010.004.B37.d,-2.35792885187829,0.00545358752370279,26.3661719431205,0.285701211237392,-0.68406876711847,-1.030692052897,-2.28874086427703,4.45407199378472,-14.983891531417,Msi
NC.2010.004.E,-2.99572525652296,-1.6014287474335,95.1473660141379,0.50439869604527,0.102432934333025,-4.58868027097669,-4.13527740538319,4.34788649367237,-4.46758227578369,Msi
OH.2009.001.B20.b,-2.94215264865974,-2.66782730958938,0.454469852078884,0.206666223380352,-1.79872020569603,-1.3342419815177,-4.1082643009449,2.18088310328591,-12.2098149796019,Msi
OH.2009.001.B20.d,-3.7946227441939,-2.00207934747572,92.9346520348767,0.477271081112773,0.0962271927380106,-6.09802481395193,-6.41136514175755,7.56673991236927,1.35321585375119,Msi
PA.2010.001.005,-2.37431080908212,-0.294077081090016,-7.5160361202503,0.260406286518625,-0.315902533511858,-3.44184276486676,-4.32502531892494,10.5372945705963,-16.9715842420195,Msi
PA.2010.001.B63.a,-2.86836527245049,-1.32879027587442,-41.6748842079434,0.312619072433891,-0.638500932436237,-3.18096807538093,-5.84463171049604,-6.18675941778393,-29.3704746665865,Msi
PA.2010.001.B63.c,-0.552969589333924,1.91151623377049,-22.278210324601,0.411456045102587,-0.154960782858543,0.306344499436127,0.560806606845492,0.423287190116057,-45.8306790493929,Msi
PA.2010.002.004,-3.15638343755257,-0.932570209495372,46.3489991312126,0.523435775611258,1.23158573550447,-3.82077051953194,-3.70932901581104,-0.235271167467923,-22.2915581413983,Msi
PA.2010.002.013,-4.68470956286297,-4.84995788053104,-54.6403409966864,-0.0163146986431793,-1.44421101303886,-6.72337384794424,-14.6915064280563,19.4421857581183,5.36903576435674,Msi
PA.2010.002.015,-3.10892741230115,-2.16230179269502,34.5074405029058,0.22055420983218,-0.326608369695116,-0.98237162874921,-3.76611216318949,-5.51246493092429,-4.465822794329,Msi
PA.2010.002.B3.b,-3.53605182163803,-3.35219638216748,-8.81340772053418,0.26284653255798,-0.834000599316622,-4.06109824706865,-6.76350278347964,8.79718939363386,-14.5559339066823,Msi
PA.2010.002.B3.d,0.146493874402106,-1.29084374960249,67.1939578985584,0.263644246166325,-0.940332717498488,1.06004614600064,0.929559301306815,16.6806010794487,-7.92670300822981,Msi
PA.2010.002.E,-3.50436193270076,-1.42936240213121,1.11646963230357,0.152682498840627,-0.20409730021511,-2.18169892289505,-4.33071605943081,5.60808132634996,-7.14953335560185,Msi
PA.2010.003.B20.b,-2.09685777207173,-2.36192048970863,-14.5592240606686,0.595006316112382,0.102650968970063,-3.55310862314043,-3.68989467307955,-3.37684455245807,-46.9743320455488,Msi
PA.2010.003.B20.c,-3.43556400389317,-4.04774432833066,7.29290054935542,0.388905618934564,0.265701845345204,-4.19660908920422,-7.94122719329362,-0.574156736759037,-17.2344934298684,Msi
PI230189.US56.0022.03,-3.75613651807049,-7.29676868807303,-195.324998314024,-0.131357087111069,-1.57702074491464,-11.7231199770613,-10.4644313238224,NA,-14.4878683917802,Msi
PI302423.US64.0016.03,-5.1544147527046,-5.722638853335,-235.248654062517,0.0541248655814065,-2.29016081756921,-7.88965890671873,-18.8116244069541,17.1919276101987,-46.5499348576411,Msi
PI423566.M75.062,-1.72269530770265,0.273704508487798,-99.8267305995113,0.324913588783852,1.19282167393471,-2.53786340740468,-0.28940549749566,5.19192761019875,8.52560336387446,Msi
PMS.005,-3.00486467328734,0.522051973777031,-16.2954650598327,0.830452974121664,-0.629756479961485,-4.61175749214163,-7.1198347336124,13.9258432632407,-55.1532011361123,Msi
PMS.007,-1.67656404776579,1.09798075122158,106.637415686433,0.32192412646283,-2.13895364196957,0.727875137289046,0.449947793240592,-5.59775774153222,1.72729368640914,Msi
PMS.008,-1.65557556334759,0.744071725072881,90.0118173776972,0.486953620697015,-1.03187975084919,-1.12404916742946,-2.41026696301877,3.72861717636677,-9.26818112648593,Msi
PMS.009,-4.41420981179145,-1.21829878946641,37.2316634130945,0.710224794756394,-1.03111961243677,-3.97884231543584,-5.46856324742578,14.358575924563,-25.5396282758469,Msi
PMS.014,1.5313809274168,3.38201506602326,103.021509521631,0.724280626002654,2.35729913634935,3.07881618245763,12.0769228372382,NA,-50.2106258592869,Msi
PMS.018,NA,NA,NA,NA,NA,NA,NA,NA,NA,Msi
PMS.038,-4.88740711164525,-6.11992426949009,-295.46509793317,0.497056687704409,-1.51109398268645,-11.8171075948689,-20.4506325411972,NA,-92.1516284604672,Msi
PMS.044,NA,NA,NA,NA,NA,NA,NA,NA,NA,Msi
PMS.047,1.32295382327865,-5.04696027617732,NA,NA,NA,-8.86312442408015,14.8256021809226,-23.5663897485746,NA,Msi
PMS.049,NA,NA,NA,NA,NA,NA,NA,NA,NA,Msi
PMS.053,NA,NA,NA,NA,NA,NA,NA,NA,NA,Msi
PMS.054,-5.30667147517796,-1.90967896434243,NA,-0.309243916889811,-2.61887424385344,-4.49845305454547,-19.1966478814933,NA,NA,Msi
PMS.055,-2.84607346968972,-1.62011730321464,-0.111939297455972,0.637388567882236,0.531561363967956,-5.84481232745445,-5.16389768983991,18.1919276101987,-40.7768965096716,Msi
PMS.058,-6.3393321564927,-5.21672629764593,35.8072660802784,0.26602780649097,-2.01504257925916,-5.76749623086495,-18.9610945656051,-23.5663897485746,21.1266178736334,Msi
PMS.080,NA,NA,NA,NA,NA,NA,NA,NA,NA,Msi
PMS.081,-2.30317803106209,0.117370651945112,92.0536248730001,0.770232917300498,0.523963568191576,-1.47735730309464,-1.64463785000904,12.882892350575,-29.2414222657332,Msi
PMS.086,-2.69221544859764,-1.27852045104475,183.05559629482,0.73709384981543,0.211968706760735,-5.55788120262571,-3.63664653892315,8.90276411477866,4.11911322842778,Msi
PMS.087,-2.3833048483704,0.399544356266878,176.012333802585,0.504965803614924,-1.85790863362152,0.718548895890187,-0.659249966808833,-14.9722614831453,11.9768333846475,Msi
PMS.089,-1.4003585862415,0.4180507521096,126.178726510647,0.509321966211041,-1.94966946051416,0.981952142793909,1.85745425341829,-12.7713828236336,-6.46296301826319,Msi
PMS.093,-3.6464735621287,-0.488001169318448,172.70292805983,0.355121447986134,-1.34598598862516,-0.553052720504628,-6.93057521236444,-26.2850331540074,34.3089688763572,Msi
PMS.094,-2.09915951607897,-0.820438803249989,241.552870190861,0.437865743071678,-1.60053135201438,-0.94637472971539,-7.27995851531986,-2.80271125157612,49.4979299067294,Msi
PMS.101,-1.13545218629153,-0.424978505522754,258.321064390684,0.980087392034934,0.315921982738762,-4.71541275645434,-1.8730622607878,21.7881363180173,1.4996361501827,Msi
PMS.102,-0.6091247737727,-0.914122981303346,233.645227052191,1.03989949451415,-0.660532062811426,-4.34489894570317,1.02705500483988,1.84933010935017,-25.4123371266315,Msi
PMS.107,-2.25978470847716,-0.801796286754881,-33.4151664537071,0.359866070313398,0.0558086132098961,-2.79198426077113,-2.89034907723933,25.546760366512,-36.164719253727,Msi
PMS.108,-3.52414524203773,-1.61509646014484,5.66742454966504,0.601380804161198,0.0880374181225522,-7.2341606630893,-8.22484407689547,31.1059939225537,-31.1325280736485,Msi
PMS.110,-1.72447630329239,-1.7739642005079,-106.233094459583,0.860790552005818,-1.48572037417849,-10.3535459166141,-5.11973989377639,NA,-87.7185373097185,Msi
PMS.115,-1.88100195910385,-1.16909837524419,65.0421701076156,0.710748639127056,-0.399443878364117,-3.72890297336279,-3.61782234236691,17.6676932386586,-34.7164898282975,Msi
PMS.116,-5.18245477405226,-3.97384695277373,-204.607137716789,0.294231971985566,-1.43730820335326,-6.3657849946322,-10.4820934022228,37.0803187308895,-65.6460895915033,Msi
PMS.117,-2.46978627795944,-0.803993822775919,67.4970439563315,0.767585378269771,-0.108550239788933,-4.84092816806213,-2.43891457702559,18.821205784696,-33.8989168387972,Msi
PMS.120,-3.38145695867628,-0.896442554906234,73.6676618772601,0.681604484959501,-1.01669374278432,-6.95821912747181,-8.69923671122393,14.1661902052819,-14.3083734887674,Msi
PMS.121,0.00979140116017708,1.51727927644465,-11.0302262359171,0.559187921363468,-1.22784257227019,-3.05646675873268,2.72604447165384,29.2295903942249,-53.7058682800814,Msi
PMS.122,-2.61182977915521,0.332003510416677,82.8037987319913,0.407877439274421,-0.749966849719902,-2.60195342211786,-4.81853308474322,-16.0506724481175,-0.334676148695453,Msi
PMS.124,-1.33746164172616,0.960602820323531,144.207913880131,0.742271743638049,0.629535708626183,-2.1495689172942,0.668656948656074,1.44218575811819,-16.4451763357822,Msi
PMS.125,-2.08344485209812,0.788220194037603,164.041545639609,0.666230877089929,-1.22055995332661,-1.87547172603441,-1.49672140883477,-13.3278049979854,-0.424484948442232,Msi
PMS.127,-2.17259072313977,-0.600288128405352,67.1385264581385,0.428291291479556,-1.18433157893237,-2.95427746475635,-5.64960183873403,-33.3830302539191,-2.18701340339395,Msi
PMS.129,-3.77820991713423,-1.45863613320295,133.962851040361,0.403605699284938,-2.44932921780998,-2.87149379291386,-8.55547448863973,-24.9496952690764,22.9899977148983,Msi
PMS.130,-1.31140015491096,0.0339221429493802,135.994221635274,0.263000754397491,-1.25979804508499,-1.38014038518976,-2.01862561011259,-34.8545488657349,19.3160118947442,Msi
PMS.131,-2.56544024987302,-1.25810564683026,147.191781874006,0.2928705845721,-1.4677216212234,-1.08942188248922,-4.08600894216762,-26.6019868020296,25.834556616702,Msi
PMS.133,-3.2332688221526,-1.98628237380284,27.3583879831825,0.211198777443123,-1.54660793404634,-1.44397005254502,-5.15796484352604,-7.03602877651386,-3.35631495373243,Msi
PMS.134,-1.24452005253472,1.08234567946466,141.122975241648,0.185002830191609,-0.898326769642859,0.456731851982017,1.15833037150129,-12.7234018346704,20.6135627001045,Msi
PMS.136,-3.26972354673772,-0.7944213489051,255.952920365745,0.805318538433264,-1.07622065644172,-2.96717986439646,-3.29278963629256,-24.193292245954,23.1078030618266,Msi
PMS.140,-1.97180363847087,-0.647026106117075,135.850205625177,0.405278052017742,-2.01195212622386,-1.72610922749196,-3.37396914350303,-29.6345470632341,12.7795519362829,Msi
PMS.144,-1.92219026420295,-0.126101030043591,147.370738715992,0.294280083302784,-1.22058473636702,-0.774146815912335,-1.62990603168286,-22.8556987481249,20.7927275790767,Msi
PMS.156,-1.17692607539824,1.83331269338384,73.6409369403879,0.258765304287553,-1.36091489645943,0.239460135854066,-4.46113850853813,-20.4011238851795,4.24146270037395,Msi
PMS.159,-1.71035163780071,-0.240251598658563,182.847619936194,0.622694174641357,-1.24225405447332,-3.43632177708313,-4.76799033032484,-16.508573721709,11.4041245502634,Msi
PMS.161,-3.80458469831466,-1.60498887061189,183.818409971055,0.800632072810272,-1.78705629083353,-5.17773135317573,-3.30916975914913,-16.9574735725329,2.82081166397202,Msi
PMS.163,-4.54833913676272,-3.64299290917308,-203.767904921965,-0.0928302680784218,-2.68734032463626,-5.14164455598558,-14.5976339429485,-10.3788504741273,-48.2749965439287,Msi
PMS.164,-2.50550451183608,-1.77599912718394,136.468271138805,0.310262538633653,-0.294561676834456,-2.93147289370107,-4.67251025748981,1.37318550258218,25.4830088550734,Msi
PMS.165,0.389919164515061,-0.552481341150028,87.9062220243047,0.547291373776511,0.00735438446842194,1.24473050519166,0.794986617842209,-1.60666511207771,-23.2943076632275,Msi
PMS.167,-2.00154367078966,-2.4266279230863,44.4772204836969,0.414970573093728,-0.657523808577588,-5.47914657063335,-5.36062903314732,-0.555673276961321,-12.2376476034232,Msi
PMS.169,-3.99306688524076,-0.957306813774493,-54.7455636833583,0.0745139037428859,-2.14443542060345,-1.11804307082435,-5.83892584664369,-24.7366780301447,-17.4761828878506,Msi
PMS.170,-5.72334858472669,-4.84372764505999,-11.0402983840344,0.353516591063561,-2.59279286788248,-5.564074274354,-13.3700524210402,-17.1923125562491,-8.1958125920602,Msi
PMS.171,-1.77538053051584,0.406351147949857,-17.1045246300567,0.167398518889233,-2.12663869488903,-1.9849049645921,-4.05296431247539,-23.2808570875328,-15.351388685274,Msi
PMS.172,-3.13934425133973,-2.414306377201,-81.4036983790207,0.328699249918937,-3.10421827353822,-3.15198216353545,-10.6414899060686,-26.6235948745774,-34.3840928535582,Msi
PMS.174,-1.05703150894087,-0.374120826205737,7.57619575148639,0.301373351306309,-2.04648236714111,1.94391875953749,-1.34359647990803,-30.6821146221077,-13.245636454448,Msi
PMS.176,-0.843744339242028,-2.05886951587069,67.7427875051694,0.427735717675969,-1.16802375647853,-2.22975855286967,-5.05196531256655,-33.7775379092928,-7.69469156540998,Msi
PMS.178,-0.700317051979835,-0.480112781211868,-31.4836730853746,0.244649714955259,-0.920116193966883,-1.7086294071738,-2.27580383960403,-26.5406961733317,-30.9130266831554,Msi
PMS.180,-2.2001779815565,-0.604895501526605,53.4768719814859,0.48962378071131,0.808982834846803,-5.45712387874621,-3.4946524291345,11.6447664053949,-17.3071334938095,Msi
PMS.182,-3.2008622830205,-1.62541887237675,-37.5052732100249,1.07089755003943,0.0335851704541956,-6.12252858535974,-7.91591587640184,5.68221101187692,-86.5657466107972,Msi
PMS.183,-0.280338848270067,-0.297279611502279,258.191482815957,0.991115818197857,0.728347401227385,-3.58507073278207,2.74113451897769,21.869932615553,-1.00668616294325,Msi
PMS.184,-3.02766682684682,-3.36327988332023,-18.7498980268486,0.572117886129918,-0.788427111081283,-5.77138042128686,-8.7014579870671,4.63011101606806,-38.3491349933002,Msi
PMS.189,-1.2701946214348,1.25238509925602,4.06204507798034,0.593681266995284,2.13033976470388,-2.73695768592159,-0.691943914734044,NA,-47.2569321460541,Msi
PMS.194,-3.63043798572908,-2.44149431201329,38.5080884161719,0.391839429488938,0.355961012808564,-5.87111533876101,-10.1399854831866,8.41655228419778,-3.14532643858994,Msi
PMS.204,-2.19328402352005,-1.18036995301618,-111.425353312604,0.544687624638064,-1.01702010733786,-5.19696298038755,-5.79523317558973,26.442185758118,-67.5463210543561,Msi
PMS.211,-0.11429920826692,-0.539932228658609,-44.0649838110975,0.455134318024279,0.357264419435842,-4.26649449392631,-12.9940320271328,-3.11710764942502,-33.4978354124197,Msi
PMS.212,-0.113949343594653,0.649161058515041,96.4963104993555,1.02647936448534,1.41262424180575,-2.4798004027373,4.34844123543546,33.0137256361884,-57.5561229316816,Msi
PMS.213,-2.82545866145144,-1.12767541356812,-238.759529190841,-0.0179545393261173,-3.15597468065238,-0.314446538144101,-9.90096157791397,NA,-60.4644194651116,Msi
PMS.218,-4.83323579001267,9.6428390170781,-279.995109506301,-0.276007275865266,-1.4739254340253,-9.52281521293168,-22.3172357734131,23.2570202840906,-33.1017955053114,Msi
PMS.223,NA,NA,NA,NA,NA,NA,NA,NA,NA,Msi
PMS.224,-3.16213888289307,-1.3132755894594,-124.093776842509,0.400746436831036,-0.8399698430439,-5.18085428956055,-7.65985596941123,NA,-55.0611156258393,Msi
PMS.232,-1.92494705549221,-0.336430632357911,-82.2461875564543,1.05562679389649,-1.77246189890668,-6.51213403653935,-1.9095881100732,NA,-99.2579140566701,Msi
PMS.235,NA,NA,NA,NA,NA,NA,NA,NA,NA,Msi
PMS.257,NA,NA,NA,NA,NA,NA,NA,NA,NA,Msi
PMS.259,-4.96179201405968,-1.09156629161076,-25.6960595624721,0.181253530289976,-1.22749162597211,-7.30320761400466,-15.9350642312095,-2.44208936834876,2.35596644398311,Msi
PMS.270,NA,NA,NA,NA,NA,NA,NA,NA,NA,Msi
PMS.272,-1.83705519856365,-2.40517422366749,NA,0.407918366238184,-1.48572037417849,-5.0895866572522,-9.31968328088922,NA,NA,Msi
PMS.273,-3.07401829626384,0.214707826409815,-89.445019879542,0.527852107935277,-0.937968529680697,-0.9285273055778,-2.1627415969135,15.0137256361884,-69.4789085658596,Msi
PMS.284,-1.89651063294142,0.089741473276917,-22.9286431791603,0.756223215108899,-0.20346207014831,-3.31114139909655,0.210950742716925,16.331991977086,-61.7313053567093,Msi
PMS.285,0.904375669789315,-0.283436113676966,-2.80019205169933,0.307298363965273,0.996151635437277,-1.42751400871734,1.29762305002693,16.307607126277,-34.0641713070204,Msi
PMS.288,-3.04762320914197,-2.75725184126135,-34.1180042659496,0.248480232378242,-1.46619222547941,-2.06823469174616,-7.23558366048764,14.7565876005129,-20.7243623832415,Msi
PMS.293,-2.62673688138248,-1.98709111939533,-60.5212862786296,0.460643616281947,-0.769176483786346,-5.40297134321746,-5.8893466710143,8.31788537789226,-40.9432024261438,Msi
PMS.296,-4.35835689621498,-4.04945107471331,-110.882556026107,0.216703778343135,0.136990236406774,-7.62404942014049,-12.9004241960988,31.3453152677579,-31.2163082821607,Msi
PMS.303,0.768108702551235,-0.815951250876496,-107.324583838159,0.678971775888144,0.243997475133003,-0.672941258200562,5.99359426772502,29.9258432632414,-100.024679786459,Msi
PMS.304,-0.415592266381573,0.177003070926105,67.094326558003,0.943228898375472,0.0354137614714489,-5.07115197375057,4.00537849124201,19.6886089736252,-58.0040670309967,Msi
PMS.306,-1.30305758394441,-0.813364592389531,43.3885537001427,0.383085440155864,-0.831218017261,-2.40292140171194,-2.58600654546791,28.489297403269,-16.5587263371063,Msi
PMS.308,-1.33232615001179,-0.642311685314764,-12.711618226115,0.533453462707834,0.801740502327868,-2.65528231286906,-3.86581455309943,22.2930333564648,-42.3303456356646,Msi
PMS.311,-2.95448510930209,-3.30303401344445,-177.227353522892,0.295630879982341,-1.27014572568605,-6.92559730213139,-6.55989754591598,33.5004041828679,-60.3704855466001,Msi
PMS.314,1.67064444063688,0.69998556323322,142.955529677805,0.685353541233868,0.183706440204741,-4.7909842830259,1.88653663362223,16.3170247720415,-17.4927788819908,Msi
PMS.317,-3.04991418730239,-2.68721037182971,NA,NA,NA,-3.94905322348378,-9.27064785946027,-16.5663897485746,NA,Msi
PMS.318,NA,NA,NA,NA,NA,NA,NA,NA,NA,Msi
PMS.321,-2.18146277354185,-1.50995202267802,64.6410353820133,0.54902912197874,-0.561643910871218,-2.00082824580443,-2.22032072024702,NA,-20.2488440468214,Msi
PMS.322,-2.04652398012589,0.179984926383057,50.1937638612231,0.587144454623363,-1.20874298437963,1.01472928036356,-0.69785690548161,NA,-30.9514820741037,Msi
PMS.323,-2.94134142938539,-1.9864809401897,-20.7420658483662,0.545243779588425,-1.50550058484924,-4.45491565488983,-7.84056541646726,-16.317788988123,-35.9977257153026,Msi
PMS.327,NA,NA,NA,NA,NA,NA,NA,NA,NA,Msi
PMS.329,-1.72987665678585,0.477464394811541,172.235149368012,0.881378492694043,0.966947328914589,-2.84325754817295,-1.33783362644443,-23.5663897485746,-25.5524352530251,Msi
PMS.330,-7.71760544771376,-3.87404220752041,-323.353345481627,0.198694861425469,-1.96190993170139,-10.5275015440944,-22.3012952855377,NA,-82.9014324983951,Msi
PMS.331,NA,NA,NA,NA,NA,NA,NA,NA,NA,Msi
PMS.332,-3.91744732742643,-4.23472238226262,-224.845409428552,0.322168299881652,-2.49301197972496,-7.96089045985242,-13.584748813132,12.6211495258727,-70.7324413831555,Msi
PMS.333,-5.626111957066,-5.65168495498266,-24.477523645055,-0.195273114703735,-0.44958291586055,-10.8005627443075,-19.3141559482413,-10.3788504741273,35.6910680782233,Msi
PMS.335,-3.7967450216178,-1.31407736218491,22.8089948063142,0.61823485725405,-1.2257240329403,-5.07376624387726,-9.24668246638397,-1.86585818206166,-19.5117870524719,Msi
PMS.336,-3.65633029690771,-1.2144088878605,-84.5708435911841,0.559673924749487,-2.00507160155986,-3.92952613576844,-6.82150042859294,NA,-56.3619282080781,Msi
PMS.337,-1.75846497273223,-1.81189925567335,-144.882828125872,0.65663462693495,-1.39903298767578,-4.66703604283687,-10.2305030109982,NA,-79.3191177201053,Msi
PMS.338,-2.7317428967716,-2.73310948426249,-37.7352137299944,0.453583548315077,-0.748748742923071,-4.47904364391218,-7.81445968527114,-9.56638974857461,-35.7064884918045,Msi
PMS.339,NA,NA,NA,NA,NA,NA,NA,NA,NA,Msi
PMS.340,-6.09427845221347,-4.85127619756038,-145.593438743516,0.579435006012995,1.18604409799268,-9.3025012184332,-22.873696633645,NA,-52.7516316721049,Msi
PMS.341,NA,NA,NA,NA,NA,NA,NA,NA,NA,Msi
PMS.342,-0.645197423543585,-0.835058718311387,-150.701642784852,0.437948290907037,-3.01509583037697,-3.69115561153629,-1.20493646400789,NA,-79.8990006945982,Msi
PMS.343,-3.36224464803779,-2.04385636201724,-80.1532170765685,0.316426923721725,-2.39241924126893,-4.77103124363781,-9.32128709411089,-9.31778898812297,-34.9071740918618,Msi
PMS.345,NA,NA,NA,NA,NA,NA,NA,NA,NA,Msi
PMS.347,NA,NA,NA,NA,NA,NA,NA,NA,NA,Msi
PMS.349,-6.41290698848678,-7.75836874765194,-135.68945925536,-0.673230729959091,0.381957968819004,-11.5581236889266,-23.3317351094507,NA,41.9845760935232,Msi
PMS.350,-1.56254442054653,NA,NA,NA,NA,NA,-0.963839013478542,NA,NA,Msi
PMS.352,NA,NA,NA,NA,NA,NA,NA,NA,NA,Msi
PMS.353,NA,NA,NA,NA,NA,NA,NA,NA,NA,Msi
PMS.354,-4.09679711303114,-2.15620664469731,100.990080054883,0.42317008878327,-2.61887424385344,-4.25217653082435,-12.1658220362411,-30.6146087146983,17.6931875815759,Msi
PMS.359,NA,NA,NA,NA,NA,NA,NA,NA,NA,Msi
PMS.364a,-4.39817466073809,-4.49533823468535,7.02435569851084,0.115953749579411,-0.33569804342788,-8.93283114089943,-15.7052544268456,-37.5904992316365,16.1102892249931,Msi
PMS.371,NA,NA,NA,NA,NA,NA,NA,NA,NA,Msi
PMS.372,-4.64826060928863,-5.40376221323569,-205.946162410809,0.463658567800757,-1.57702074491463,-10.238227301841,-20.0384483107342,12.1919276101989,-64.727961283997,Msi
PMS.375,NA,NA,NA,NA,NA,NA,NA,NA,NA,Msi
PMS.381,NA,NA,NA,NA,NA,NA,NA,NA,NA,Msi
PMS.384,-5.98615838797435,-7.32368189409498,-188.049733364754,0.0255597747432583,-1.89301060654919,-11.2114365022417,-22.6351557615466,3.62114952587259,-22.9096203347518,Msi
PMS.389,0.57693875045386,NA,NA,NA,NA,NA,8.68621776578702,NA,NA,Msi
PMS.392,-6.79424981401081,1.21643658689756,-201.229643465391,-0.354991317482715,-0.993258722550801,-13.3932147464934,-26.321844016983,NA,5.70840221720522,Msi
PMS.397,NA,NA,NA,NA,NA,NA,NA,NA,NA,Msi
PMS.399,-5.9839012983395,-6.86510840012317,-242.595954594396,0.131524719368325,-2.58004924168326,-9.24027326454206,-11.4805313635551,NA,-49.9234837682194,Msi
PMS.400,-2.86303069030728,NA,NA,NA,NA,NA,-1.76554555071019,NA,NA,Msi
PMS.403,-1.71958212888889,-2.86866751358807,-128.774332076436,0.795809132571805,0.313649572869579,-3.96431634309621,-3.65027494119096,26.4336102514254,-57.9884674257144,Msi
PMS.404,NA,NA,NA,NA,NA,NA,NA,NA,NA,Msi
PMS.405,-6.45252345086374,-6.61446227091505,-321.692684979417,0.154353282271462,-2.54138953868902,-0.829358968419783,-21.7172028442468,NA,-76.5529135358671,Msi
PMS.406,-5.18448491307741,-6.27379754448904,-197.986312142946,-0.322108169286446,-3.65291773400234,-8.25768645354481,-20.3077195243452,NA,-5.85264753812226,Msi
PMS.407,-2.75688633722996,-4.8804491818046,NA,NA,NA,-4.76688522348577,-5.01308847387883,-16.5663897485746,NA,Msi
PMS.409,-6.25654499816597,-7.25207489360326,NA,NA,NA,-9.68150840750728,-20.5455193242769,NA,NA,Msi
PMS.410,-5.47250931775942,-6.46111636332355,-68.1962823968776,-0.0389488142166315,-0.9932587225508,-13.1161448082769,-23.102682105206,12.2570202840907,18.1942414036777,Msi
PMS.411,-6.52917812035143,-8.19808266456603,-201.141493677434,0.110635286209867,-2.91876620069879,-10.3298072576882,-20.6784490085069,5.68221101187693,-34.6963890412117,Msi
PMS.412,NA,NA,NA,NA,NA,NA,NA,NA,NA,Msi
PMS.413,5.3768428445053,5.1558372100299,-0.512557976845036,0.849682658233176,0.816141111347056,-2.48277071069502,8.6062660641485,-3.11710764942502,-86.6136975846684,Msi
PMS.414,NA,NA,NA,NA,NA,NA,NA,NA,NA,Msi
PMS.416,-2.4282706974124,-1.10602820570738,-101.030362187349,0.244228532610196,0.233186828536478,-3.67038795307844,-5.70465679093355,-2.56638974857449,-44.4974504175883,Msi
PMS.418,NA,NA,NA,NA,NA,NA,NA,NA,NA,Msi
PMS.424,-4.56090958474887,-3.0199995812695,NA,0.674546170269786,1.28333997020215,-9.1762511022848,-8.42149619666893,19.4336102514255,NA,Msi
PMS.425,-0.450094439567192,-0.512995341650471,-109.510269163227,0.576069107456138,-0.683081722192048,-2.65867092338148,-5.26090301277655,30.0374099803869,-71.7198103381097,Msi
PMS.427,-2.07288867439394,0.357565776488892,182.95806425742,0.474153910001983,0.087647939218404,0.0735391598150443,1.03621382664111,NA,-8.61365478242284,Msi
PMS.433,-5.35203599811978,-2.23868722726734,-283.853042507649,-0.0640021714829326,-4.25842459089635,-6.26718468106092,-17.1322584299909,NA,-55.1297409392666,Msi
PMS.436,-4.6563996532843,-3.58169878451152,16.0496430369513,-0.025726763394384,-1.33297987434937,-6.32261395748132,-12.2248385317194,-20.4156170505064,22.6067036118699,Msi
PMS.438,-5.4875129465449,-3.43441339954292,15.1173825780754,0.190614023892856,-1.44550525799303,-5.28368269377834,-10.6073280941041,-19.2025703513135,6.01885796574582,Msi
PMS.444,-5.00180145977887,-7.11303114187014,-177.349293357088,0.200379128667542,-0.918366276201283,-10.8005627443075,-21.7333603362768,NA,-35.0122914783013,Msi
PMS.445,NA,NA,NA,NA,NA,NA,NA,NA,NA,Msi
PMS.447,NA,NA,NA,NA,NA,NA,NA,NA,NA,Msi
PMS.460,-1.01609673988371,-0.588699008361912,198.277855197219,0.797615563716288,0.253571114059181,-3.53020223687879,1.15425287391095,12.2040384721263,-3.79367954684807,Msi
PMS.464,-3.23559415233946,-1.39442036207525,-29.7440477817779,0.148074276996706,-1.92909959323882,-1.0151797762729,-6.17068196352617,-19.2448091888558,-13.983385907741,Msi
PMS.466,-3.44828696384898,-2.05646729804697,38.2544869702691,0.591684565738882,-0.747387295570124,-3.65951739941631,-3.48931732242731,-4.25834399126211,-27.124503226418,Msi
PMS.474,-3.23912440037068,-3.8482644001261,-99.35895793685,0.29593773335304,-2.47695393079392,-11.7512641738217,-18.6007350538768,7.25702028409066,-23.2672546287563,Msi
PMS.475,-1.54718709368254,0.577210452401489,-39.5476636702145,0.652316132119629,-2.47695393079392,-1.94540796181239,-3.80922044419224,NA,-56.8836925026286,Msi
PMS.496,-3.89953169376801,-1.89833999363737,11.2035382876773,-0.0609149781676175,-0.79151902772798,-2.25380881483259,-8.16233118923399,-29.6123195960952,16.0945346546794,Msi
PMS.504,-3.67163429255383,-2.15996893140429,26.9963869665542,0.337022821100336,-1.35702982938055,-4.48058394038965,-9.63003340970023,-28.4313913324458,-3.64299147403114,Msi
PMS.510,-2.63664778020076,-1.04183381384403,56.3796738249417,0.325440113944757,-1.01134680986823,-3.86943884134418,-5.00450584310124,-29.0406170505063,-2.38188588068568,Msi
PMS.511,-3.96960835235677,-1.85969726768415,46.2468648901746,0.337217600249456,-1.28320059669659,-5.81424897831658,-10.3263325381982,-30.6816900081795,3.40369804533333,Msi
PMS.521,-5.34618332571828,-4.50958157943251,-246.620675036414,0.150726189224753,0.212352024899178,-9.45479810426581,-17.2242166926401,-16.5663897485746,-72.9222050336712,Msi
PMS.526,-5.33954756363984,-3.79944012284096,47.7740173554743,0.364480556899524,-1.97969799305191,-9.66871855751984,-15.979770343833,-9.79783949564086,13.601250635639,Msi
PMS.535,-1.44808836486393,-0.896778625084182,11.3471045611212,0.740381491729931,1.14963458782293,-3.57583699676316,-2.52771648106847,37.1919276101987,-51.3761681344176,Msi
PMS.541,-4.96718247395524,-3.97343975003766,-168.465558189735,0.101351778352214,-2.57254688489728,-5.55928651400431,-15.8485903040284,-9.61460871469839,-34.9726210860855,Msi
PMS.543,-1.46614456994151,1.67086104163631,162.702848198888,0.387710157188271,-1.87101347032083,1.69838041887392,-2.34053511564746,-2.95916639687818,19.2988390523732,Msi
PMS.544,-3.36779130456375,-1.13307136754334,51.2006190509892,0.237260260180425,-1.86495807589466,-3.68881130120574,-9.20027502576709,-7.54061705050613,9.61311558313906,Msi
PMS.546,-5.03378022795488,-2.34866101739907,-98.4783811272044,0.212082007785963,-2.00507160155986,-7.47271895026748,-13.1528088994474,10.9015931228244,-24.3719470702344,Msi
PMS.555,NA,NA,NA,NA,NA,NA,NA,NA,NA,Msi
PMS.557,NA,NA,NA,NA,NA,NA,NA,NA,NA,Msi
PMS.558,NA,NA,NA,NA,NA,NA,NA,NA,NA,Msi
PMS.571,-6.06816632243138,-8.13363626259627,-250.443611947345,0.191354939747519,-1.51109398268645,-11.8171075948689,-24.0233413327318,NA,-50.5708812645869,Msi
PMS.574,NA,NA,NA,NA,NA,NA,NA,NA,NA,Msi
PMS.576,-1.35831574542778,9.64127124199656,72.143660559332,0.0497398599742528,-1.91856623845004,9.34042201904236,-0.859135878507958,-44.317788988123,9.75856474780995,Msi
PMS.586,-4.22172349887144,-3.31303036982216,-163.976815312542,0.410693809346059,-1.0557091776622,-6.57014959290674,-12.6455748477966,NA,-61.2387452789091,Msi
PMS.589,-0.683061025878056,7.44072323003804,3.45057495644467,0.711405455202033,0.263458300098765,2.72129123170388,3.20257028987531,29.2570202840907,-62.8578850668951,Msi
PMS.601,-0.792819130697579,-0.0903668452569586,-107.308888619936,0.744036877724102,0.715109950748298,-3.72460320032333,0.57528184206117,NA,-92.7311461379888,Msi
PMS.602,-0.858407947686378,0.320064184257227,39.6503406864088,0.80377877498766,0.139576873963435,-1.98608020314002,-0.56812220140028,3.20182479355541,-49.719753406507,Msi
PMS.605,-1.82817737078666,-0.995402474167475,-61.1042299855971,0.69873141916838,0.378692540339493,-5.00573351019734,-3.47127455209664,36.942185758118,-67.7787617255967,Msi
PMS.606,-2.88001527089509,-0.281432246728934,11.6426486805675,0.734950496692126,0.740820189283799,-6.55442401973186,-7.53833112831315,23.9588869286104,-41.1718443800725,Msi
PMS.607,-3.38225829976312,-2.03245279796002,-51.0216002465189,0.936660858846336,-0.877723317325148,-3.57877971662131,-7.11373562625972,11.5425264274672,-74.1573641481835,Msi
PMS.610,-1.06663066503093,-0.625313571427718,109.461619497767,0.5681992942651,0.270603663001525,-1.72914760462413,-0.473562830989301,17.4122481276411,-3.02282972571633,Msi
PMS.614,-2.83920707293613,4.16293685875622,-101.552584163977,0.731702723557648,-0.0625640106753093,-2.63805326681412,-8.21480857389382,40.4336102514254,-75.2937410125752,Msi
Shiozuka,1.26988449304771,1.64110245118849,157.110302993823,0.844492733420049,-0.604049163419352,0.573095316630045,4.90131589563139,-23.4004389556394,-30.9692233166336,Msi
UI10.00012.Cabaret,-2.75926978680921,-0.74256100133783,-43.764416935793,0.683332979469105,0.822800706028451,-4.70956642184153,-3.45000315720249,19.0925740040353,-60.8426266469987,Msi
UI10.00015.Cosmopolitan,-2.18470419687212,-0.166633298130743,138.856059988404,1.16518398961467,0.614277236297339,-5.50405595056855,-1.42328883391931,22.7647546465683,-36.4805487395376,Msi
UI10.00017.condensatus,-1.74078968013925,1.90774887564222,71.8802546329267,0.083272495109249,-1.1819541310787,0.922864743549993,0.568135427681393,-20.1634278846529,7.98615742506229,Msi
UI10.00020.Adagio,-3.35154557309019,-0.879115312077574,-176.17642429476,-0.474178461516951,-2.70105124855819,5.16822334346828,-7.65313389329452,-21.7797530323904,-13.7316451103493,Msi
UI10.00021.Allegro,-2.6045637041168,-0.445439565433062,-51.6765733126273,-0.00192771788457813,-0.754753662622684,2.52102314605626,-4.50511062215954,-23.2457971274038,-15.5311604562006,Msi
UI10.00022.Altweibersommer,-1.74646793493004,1.92202082195001,240.930052689384,0.484985152511791,0.234358856332016,-0.334384506309726,-0.544239631920206,-21.3266444626728,32.6910330713964,Msi
UI10.00023.Andante,0.401780289493159,3.47181212933176,54.0299289138249,0.172117447422,-1.08325501226876,2.69826189370207,4.21677049518382,-8.87924909926913,-11.6732586429148,Msi
UI10.00024.Arabesque,-4.12950090034512,1.27396010190707,8.18955093052002,0.182670629124467,-1.98873287453769,-1.26240094727782,-7.9698843338006,-6.25854988003843,-1.57777932837521,Msi
UI10.00025.Autumn.Light,-2.989728491007,-0.882083830257031,-56.4840321038507,0.100338986998669,-1.04739340706921,3.32090469535909,-2.80353596390359,20.0512016937659,-26.4267126375475,Msi
UI10.00026.Ben.Graz,-1.86542579718484,0.258532679230713,86.3144083798611,0.301878925351991,-1.17582984012941,0.496589487400035,-0.369819986296306,-23.5238551404764,-3.41918307917678,Msi
UI10.00027.Ben.Rotkopf,-1.86025057849457,-1.34985666282742,14.4594859455278,0.291334065000146,-0.244421589686932,0.688724615452917,-2.59711131562616,-0.98855043860474,-19.6597830139445,Msi
UI10.00028.Berlin,0.213310142388049,1.53187950816072,184.634131038737,0.607902289804621,0.390454975537089,-0.262285183512572,4.61227076549365,-6.37893964109196,-2.83922960074847,Msi
UI10.00029.Bitsy.Ben,-2.81172143390386,-1.94040680668799,-37.5182711045859,0.0456073154426351,-1.34105089392333,-0.804905211938759,-7.24013741374324,-22.8499865086309,-8.88108192232506,Msi
UI10.00030.Blondo,-0.375644230189807,0.852160084624112,27.6561808172789,0.284446601371438,-1.14730269607101,4.00802522415132,3.28624274822408,-33.7021465743703,-25.6160389147231,Msi
UI10.00031.Bluetenwunder,-2.43032643694894,-0.958224858092377,19.1896859245281,0.145099993431556,-1.21654012280298,-0.154220552148397,-3.78608696145503,-24.742755480186,-4.31050146796541,Msi
UI10.00032.Bodacious.Ben,0.0689356146501424,1.69155560184955,117.322904542312,0.273812475942785,-1.12850535469432,1.44607542514993,3.42903593113046,-21.75320000726,1.61060833257464,Msi
UI10.00033.Border.Bandit,-2.95121914669383,-2.20629327607218,-91.5723793676171,-0.325629613673116,-1.80676292072957,-2.20351294300034,-8.54567981467628,12.5880186162913,3.78466708489324,Msi
UI10.00035.Burgander,-6.18615386875728,-7.30017123866355,-192.812327615385,-0.577329442378491,-2.34082043304932,-5.52955335180192,-11.8212887314092,2.61488971482694,-2.89818568544314,Msi
UI10.00036.Dixieland,-2.90382642305924,-2.35593148843987,-52.4119715924232,0.0570198545904927,0.226172710605705,-2.8564946775672,-7.62257774551883,20.5214917743208,-14.1408592329847,Msi
UI10.00038.Emerald.Shadow,-1.57149563498568,0.54276260579942,67.4256366548261,0.920403810103987,1.00383021007428,-3.32563835504037,-1.13090363494066,21.8538661095413,-49.2757421692855,Msi
UI10.00039.Emmanuel.LePage,-3.47298388640264,0.31197891460252,-59.5635373124046,-0.0947934604299901,-1.46303185534833,-0.732176427908138,-6.92202901446486,-36.1482214587668,-5.30515543361741,Msi
UI10.00040.Ferner.Osten,-3.74959859123474,-2.76639279298258,-142.31797710755,-0.11420560075803,-2.62966326460326,-0.616213837792741,-10.8199038478598,-48.1854868628604,-23.0787465274869,Msi
UI10.00042.Giraffe,-1.95885233436621,-0.647002874501547,-60.4109257534356,-0.158759220946515,-0.602079805769365,0.485081503573311,-3.65379508772956,-25.6300771322711,-8.8973489867397,Msi
UI10.00043.Gold.and.Silver,-3.45946612260166,-1.4522689584222,-38.3899277730949,0.0340453690771631,-2.55176348480442,3.45957731032376,-5.0229045202198,-10.4020705281889,-10.6667767362487,Msi
UI10.00044.Gold.Bar,-5.23611806786978,-7.03776645022337,NA,-0.565077393302691,-0.764719730170013,-3.53914541988671,-20.6473063677284,NA,NA,Msi
UI10.00045.Goldfeder,-6.74044390105771,-5.32601965831485,6.863044789343,0.0136440264708347,-1.99341691494204,-5.97677461190154,-15.0283107495147,-13.217448318774,25.0793464385234,Msi
UI10.00047.Goliath,0.341910145804127,0.189382733030615,134.366722177749,0.560704107746635,-0.465912442625108,-0.2202649375442,0.99673665331915,-19.7315186862281,-9.36422946136348,Msi
UI10.00048.Gracillimus,-2.5757386151926,-1.31691190897706,-25.615957350764,0.191411818375561,-0.979166237585917,2.09485800655208,-2.25008739210833,18.5109790563053,-24.1074779300065,Msi
UI10.00051.Gracillimus.Nana,-3.8824430394302,-0.562874068965344,-125.73954534399,-0.33543712378426,-2.93683451981764,4.96063387322166,-6.2870916087372,-8.11397476284003,-9.74026536083358,Msi
UI10.00052.Graziella,-3.85299678859894,-2.96116666588597,-26.3579296566718,-0.142989133857447,-1.36222475226684,-1.4762600775119,-8.6323915063636,-17.3820024725949,11.1718480295466,Msi
UI10.00053.Grosse.Fontaine,-0.280574399646793,0.665224834852452,139.032900519489,0.53048054589475,-0.43075852311013,2.42258278569551,3.19741505185236,-17.3843569345996,-9.08924958854344,Msi
UI10.00054.Haiku,-1.04636277551355,0.337304824046044,109.681332766537,0.295563708589173,-0.946059375996569,1.1325588317322,0.832354922064315,-27.5340488140258,5.42558235872732,Msi
UI10.00056.Huron.Blush,-2.12317621393639,1.22858623647791,-49.6049176486939,0.234249478464046,-0.992816821446316,0.857371120143591,-2.01411476051844,-26.7766626598642,-35.0707002212385,Msi
UI10.00057.Huron.Sentinel,-4.53827190860931,-3.51642874082957,-112.362945577924,0.0432475869420421,-1.74276319615839,-4.98887418651869,-7.85871040528026,-22.7799617902935,-32.6266918116968,Msi
UI10.00058.Huron.Sunrise,-2.66708891834445,-0.907952929766025,-106.902939246219,0.0489733624784951,-1.01068068205839,-0.123289607480483,-5.76355222294677,-15.3275084700751,-33.2533772401348,Msi
UI10.00060.July,-0.436687130676064,0.781585551483832,128.36876353271,0.616025508817274,-0.789484465148445,-0.107323502237417,0.367718163137537,-30.2917969711922,-13.8762807394356,Msi
UI10.00061.Kaskade,0.17700005319929,0.0524993499278333,141.562993312845,0.464459583552253,-0.513253442031973,-0.880935874787966,2.42416008204765,-12.9291677473055,-1.60308939478999,Msi
UI10.00062.Kirk.Alexander,-1.92381012816501,-1.09215634919468,-103.916304830833,0.200815711066804,-0.0780310275369267,-3.11702095925207,-5.91129572018429,9.47934017100235,-46.6880831425897,Msi
UI10.00063.Kleine.Fontaine,-0.661422171763938,1.2247848968048,-8.14148358582883,0.398958403843978,-0.833120257948305,3.11669254908209,0.96662127452757,-6.13935993959399,-40.679055085003,Msi
UI10.00064.Kleine.Silberspinne,-2.24282453901016,-0.1331306587963,-55.3688741227875,-0.222509084718145,-1.6442734603693,7.93884482773177,-1.44452132066021,-22.809373082588,-7.37203977226259,Msi
UI10.00065.Little.Kitten,-5.25951314846741,-1.83645281636033,-249.149718073304,-0.692182668166888,-4.70266515292171,-3.17639194198588,-16.0444549976354,30.7726605892202,-4.97150376550663,Msi
UI10.00066.Little.Nickey,-2.47946922359945,-1.28082415668937,-85.2231307624954,0.259272501720688,1.2674507736001,-3.42151904106411,-7.19181012448557,20.0961443916268,-39.8304579735515,Msi
UI10.00067.Little.Zebra,-1.06386955859165,1.14798414292957,-43.5278070396243,-0.221308347620384,-0.534284413240467,5.23794916916706,-1.99280449237947,-4.99530688276638,-4.46600902258365,Msi
UI10.00070.Minuette,-0.231164902081269,1.06688067333316,66.2420756809996,0.220936432385935,-0.460998876286135,4.00777863036103,3.19167906779294,-13.5857329863685,-10.0014973645618,Msi
UI10.00071.Morning.Light,-4.29739283285005,-4.69529114591549,-198.183916438535,0.190405018997668,-2.4328376679711,-6.76515672862722,-14.8923951206243,25.1538455951778,-50.2061914413716,Msi
UI10.00073.Mysterious.Maiden,-3.16159592713495,-2.10412015223236,12.3195663986802,0.260568600465485,-1.21113785546034,-2.14100852233398,-5.67133268523417,-4.42295385264557,-10.2422569624046,Msi
UI10.00074.Nippon,-4.13292132367126,-2.92175861264085,-101.100242799165,0.0291307270776013,-2.26905092973579,0.33772333338176,-10.8781951993725,-51.6537973980135,-19.2532389578835,Msi
UI10.00075.November.Sunset,-1.33911318891735,0.209528435971396,-7.56567190763299,0.108351495213152,-0.886691032307537,2.30312387087152,1.71771007245313,9.61979355432772,-20.4248076932394,Msi
UI10.00078.Puenktchen,-1.42038668450131,0.13255024092803,21.9238275600351,0.301801439475428,-0.47829789446707,1.21430536158382,-0.677204890926593,-3.0669325587702,-21.1674362882549,Msi
UI10.00079.Rigoletto,-2.50190741554174,-1.78038536445657,-32.1669968610883,0.12338491614208,0.00679036838294425,-3.04143945147849,-6.37115700799688,21.1591504652481,-15.0875397599124,Msi
UI10.00080.Roland,-0.805946294207384,-0.262701092859551,194.697288233404,0.640291775289587,-0.855886203893696,-3.58466818824609,0.593880758309607,-17.5056384195641,6.92751507280948,Msi
UI10.00081.Roter.Pfeil,-2.85059976545477,-2.42756948843519,-64.4028856112114,0.0290072989087884,-1.58215784228964,-0.482369080042854,-4.23862019267707,-3.26841173231025,-19.4488472823539,Msi
UI10.00082.Rotsilber,-0.755012855802253,1.31956858512331,-6.98595511157448,0.309395191563735,-0.859241462044385,1.81550460846061,1.37109255337517,-7.3833006832921,-33.5725431527492,Msi
UI10.00083.Sarabande,-3.80668374057992,-1.83942326203702,-80.4378698944667,-0.0959245341959099,-2.8793030407457,-0.340070866199936,-8.15642366660095,-7.00550477405711,-10.7337738084752,Msi
UI10.00084.Silberfeder,-0.840505778621862,-0.341254340935749,60.8375755742023,0.390359942511234,0.583631180316214,1.20206054571539,0.252690854965053,12.1817522331125,-19.2299695678875,Msi
UI10.00085.Silberfeder,-0.273525733047464,2.12244164474306,144.092818777575,0.343663737574318,-0.595133245395834,1.2307266512248,2.11189254788726,-23.9941751367421,7.56964792874093,Msi
UI10.00086.Silberfeil,-2.39208550086292,-2.03864497262042,-9.00880402668686,0.250222328721635,0.348567554887875,-1.49282262344943,-3.65978091192637,14.1586704839777,-20.0379535682725,Msi
UI10.00087.Silberspinne,-3.53644164860945,-0.961449188791627,-55.8968474914557,-0.083482831229168,-3.17622464598712,3.04719594584998,-5.68601954619495,-3.08615880868214,-7.32722066053588,Msi
UI10.00088.Silberturm,-1.17429036463775,0.0670246260147157,107.682826948165,0.58412888902017,-0.101692875066744,-1.5451066255276,0.0754234437858999,-5.44586276380132,-15.2056372055063,Msi
UI10.00089.Sirene,-1.30820075147294,0.927558394551051,-62.295202959372,-0.0366724225995778,-1.11988172709411,3.97082207438107,-1.77420444809628,-17.0881429799409,-22.2985640350536,Msi
UI10.00090.Stardust,-5.68461547752664,-3.67607067863063,-191.054494675261,-0.479807559304667,-3.00105696032384,-6.53136927193764,-18.7018146617419,5.99382097173555,4.52954347429866,Msi
UI10.00092.Strictus,-2.20495513827047,-1.18032343565051,50.4086250127357,0.544408058526288,1.1822197433233,-3.32853508653537,-3.62720552812008,7.10308399129233,-24.309987361973,Msi
UI10.00094.Super.Stripe,-4.67123435547468,-4.27993166183098,-83.5897339370489,-0.0529840756141327,0.259620103926784,-5.11572467912392,-11.52385979526,8.32419626665695,-7.3728126202343,Msi
UI10.00096.Undine,-2.7371212993193,-0.804187951311482,-35.0631893712023,0.162187633724316,-1.64664490083261,0.89038557467057,-4.00514586443317,-18.9518485117925,-21.7970043591006,Msi
UI10.00097.Variegatus,-2.43004166003841,-1.48517966075276,27.410438753729,0.158749779128732,-0.0575341737440487,-2.4861490269261,-2.27640888355947,17.077435540198,-4.58767454252829,Msi
UI10.00099.Wetterfahne,0.100340750908075,1.65958423658583,121.491203169887,0.611700557223603,-0.370492227151293,0.578917418424354,2.74719525434104,9.59275238187726,-19.3254941941935,Msi
UI10.00100.Yaku.Jima,-4.87918998819776,-3.46256624483541,-228.018168162232,-0.619756047578396,-4.14738255484149,-1.49245641136895,-14.1746620482488,-21.0691432566094,-5.47942541646681,Msi
UI10.00101.Yaku.Jima.Dwarf,-6.74108601160233,-4.46724873353148,-256.639815284291,-0.824216476481123,-4.33973468278758,-6.06731234145225,-19.085591095892,0.47495814028671,10.1599340921854,Msi
UI10.00102.Zebrinus,-2.67091979399885,-0.979935063059278,120.703076970129,0.754022375763398,0.920909709941838,-4.93885707755173,-2.28627257138023,4.64948585316935,-17.4973818751161,Msi
UI10.00104.Zwergzebra,-2.51448274772086,-1.06841277583148,-74.4642400293996,-0.109736955691471,-0.761923797723543,0.717808898336224,-5.14237926556441,-25.951927197492,-13.6188857057635,Msi
UI10.00105.Arnins.Weeping,-3.42915493069617,-0.770261598400326,-154.887054033936,-0.36195839243358,-2.85042095060005,4.31291523790263,-7.01015635100486,-14.6064201811715,-16.4761370071393,Msi
UI10.00106.transmorrisonensis,-1.11566015991647,1.47851525277469,-66.64488268434,0.381736433632566,-1.67345731913531,3.92627308891227,0.679764455590487,-35.5498196609621,-66.9751960380954,Msi
UI11.00009.Positano,-0.323254002206517,0.282400146376063,85.357782014004,0.260723776148148,-0.230171937957461,2.76931295642521,2.87842883945052,-13.4992051467384,-6.23777229862532,Msi
UI11.00024.Flamingo,-0.58332677501794,2.02879620969653,117.292863931005,0.43881770115055,-0.669152374251688,1.60553643352089,2.33671817090254,-11.0332720247988,-7.27072261887469,Msi
UI12.00001.Zwergelefant,-1.71805295804263,0.223666444713031,-78.6460775470792,-0.0898383092603942,-0.280584512372026,2.63501254555097,-3.71842058620519,-23.5466653547671,-20.2022221760408,Msi
UI12.00002.Malepartus,-1.28927979703514,0.105649670286966,93.3070779070045,0.387890056966861,-0.861269967445107,-0.457008121847096,0.528968210033296,-19.5146628338093,-6.79819216850817,Msi
VA.2010.001.022,-2.4236733399435,-1.1337623531969,16.7376305716018,0.408604763349663,0.526429940690319,-2.23913496005902,-2.33360847127159,26.0793367738449,-25.1633465621454,Msi
VA.2010.001.B40.e,-1.23730802161663,-0.403729532760545,40.4718429195985,0.236642759344639,-0.0169899246693247,2.67497452895933,0.915425316433498,14.5482103431348,-13.9461559234627,Msi
